This is LuaHBTeX, Version 1.24.0 (TeX Live 2026)  (format=lualatex 2026.6.12)  12 JUN 2026 14:30
 restricted system commands enabled.
 file:line:error style messages enabled.
**CV_EN.tex
(./CV_EN.tex
LaTeX2e <2025-11-01>
L3 programming layer <2026-01-19>
Lua module: luaotfload 2024-12-03 v3.29 Lua based OpenType font support
Lua module: lualibs 2023-07-13 v2.76 ConTeXt Lua standard libraries.
Lua module: lualibs-extended 2023-07-13 v2.76 ConTeXt Lua libraries -- extended 
collection.
luaotfload | conf : Root cache directory is "/Users/deyun/Library/texlive/2026/t
exmf-var/luatex-cache/generic/names".
luaotfload | init : Loading fontloader "fontloader-2023-12-28.lua" from kpse-res
olved path "/usr/local/texlive/2026/texmf-dist/tex/luatex/luaotfload/fontloader-
2023-12-28.lua".
Lua-only attribute luaotfload@noligature = 1
luaotfload | init : Context OpenType loader version 3.134
Inserting `luaotfload.node_processor' in `pre_linebreak_filter'.
Inserting `luaotfload.node_processor' in `hpack_filter'.
Inserting `luaotfload.glyph_stream' in `glyph_stream_provider'.
Inserting `luaotfload.define_font' in `define_font'.
Lua-only attribute luaotfload_color_attribute = 2
luaotfload | conf : Root cache directory is "/Users/deyun/Library/texlive/2026/t
exmf-var/luatex-cache/generic/names".
Inserting `luaotfload.harf.strip_prefix' in `find_opentype_file'.
Inserting `luaotfload.harf.strip_prefix' in `find_truetype_file'.
Removing  `luaotfload.glyph_stream' from `glyph_stream_provider'.
Inserting `luaotfload.harf.glyphstream' in `glyph_stream_provider'.
Inserting `luaotfload.harf.finalize_vlist' in `post_linebreak_filter'.
Inserting `luaotfload.harf.finalize_hlist' in `hpack_filter'.
Inserting `luaotfload.cleanup_files' in `wrapup_run'.
Inserting `luaotfload.harf.finalize_unicode' in `finish_pdffile'.
Inserting `luaotfload.glyphinfo' in `glyph_info'.
Lua-only attribute luaotfload.letterspace_done = 3
Inserting `luaotfload.aux.set_sscale_dimens' in `luaotfload.patch_font'.
Inserting `luaotfload.aux.set_font_index' in `luaotfload.patch_font'.
Inserting `luaotfload.aux.patch_cambria_domh' in `luaotfload.patch_font'.
Inserting `luaotfload.aux.fixup_fontdata' in `luaotfload.patch_font_unsafe'.
Inserting `luaotfload.aux.set_capheight' in `luaotfload.patch_font'.
Inserting `luaotfload.aux.set_xheight' in `luaotfload.patch_font'.
Inserting `luaotfload.rewrite_fontname' in `luaotfload.patch_font'.
Inserting `tracingstacklevels' in `input_level_string'. (/usr/local/texlive/202
6/texmf-dist/tex/latex/moderncv/moderncv.cls
Document Class: moderncv 2026-01-31 v2.5.1 modern curriculum vitae and letter d
ocument class
(/usr/local/texlive/2026/texmf-dist/tex/latex/base/size11.clo
File: size11.clo 2025/01/22 v1.4n Standard LaTeX file (size option)
luaotfload | db : Font names database loaded from /Users/deyun/Library/texlive/2
026/texmf-var/luatex-cache/generic/names/luaotfload-names.luc.gz)
(/usr/local/texlive/2026/texmf-dist/tex/latex/etoolbox/etoolbox.sty
Package: etoolbox 2025/10/02 v2.5m e-TeX tools for LaTeX (JAW)
\etb@tempcnta=\count273
)
(/usr/local/texlive/2026/texmf-dist/tex/latex/base/ifthen.sty
Package: ifthen 2024/03/16 v1.1e Standard LaTeX ifthen package (DPC)
)
(/usr/local/texlive/2026/texmf-dist/tex/latex/xcolor/xcolor.sty
Package: xcolor 2024/09/29 v3.02 LaTeX color extensions (UK)

(/usr/local/texlive/2026/texmf-dist/tex/latex/graphics-cfg/color.cfg
File: color.cfg 2016/01/02 v1.6 sample color configuration
)
Package xcolor Info: Driver file: luatex.def on input line 274.

(/usr/local/texlive/2026/texmf-dist/tex/latex/graphics-def/luatex.def
File: luatex.def 2025/09/29 v1.2f Graphics/color driver for luatex
)
(/usr/local/texlive/2026/texmf-dist/tex/latex/graphics/mathcolor.ltx)
Package xcolor Info: Model `cmy' substituted by `cmy0' on input line 1349.
Package xcolor Info: Model `hsb' substituted by `rgb' on input line 1353.
Package xcolor Info: Model `RGB' extended on input line 1365.
Package xcolor Info: Model `HTML' substituted by `rgb' on input line 1367.
Package xcolor Info: Model `Hsb' substituted by `hsb' on input line 1368.
Package xcolor Info: Model `tHsb' substituted by `hsb' on input line 1369.
Package xcolor Info: Model `HSB' substituted by `hsb' on input line 1370.
Package xcolor Info: Model `Gray' substituted by `gray' on input line 1371.
Package xcolor Info: Model `wave' substituted by `hsb' on input line 1372.
)
(/usr/local/texlive/2026/texmf-dist/tex/latex/colortbl/colortbl.sty
Package: colortbl 2024/10/29 v1.0k Color table columns (DPC)

(/usr/local/texlive/2026/texmf-dist/tex/latex/tools/array.sty
Package: array 2025/09/25 v2.6n Tabular extension package (FMi)
\col@sep=\dimen147
\ar@mcellbox=\box53
\extrarowheight=\dimen148
\NC@list=\toks17
\extratabsurround=\skip49
\backup@length=\skip50
\ar@cellbox=\box54
)
\everycr=\toks18
\minrowclearance=\skip51
\rownum=\count274
)
(/usr/local/texlive/2026/texmf-dist/tex/generic/iftex/iftex.sty
Package: iftex 2024/12/12 v1.0g TeX engine tests
)
(/usr/local/texlive/2026/texmf-dist/tex/latex/url/url.sty
\Urlmuskip=\muskip17
Package: url 2013/09/16  ver 3.4  Verb mode for urls, etc.
)
(/usr/local/texlive/2026/texmf-dist/tex/latex/graphics/graphicx.sty
Package: graphicx 2024/12/31 v1.2e Enhanced LaTeX Graphics (DPC,SPQR)

(/usr/local/texlive/2026/texmf-dist/tex/latex/graphics/keyval.sty
Package: keyval 2022/05/29 v1.15 key=value parser (DPC)
\KV@toks@=\toks19
)
(/usr/local/texlive/2026/texmf-dist/tex/latex/graphics/graphics.sty
Package: graphics 2024/08/06 v1.4g Standard LaTeX Graphics (DPC,SPQR)

(/usr/local/texlive/2026/texmf-dist/tex/latex/graphics/trig.sty
Package: trig 2023/12/02 v1.11 sin cos tan (DPC)
)
(/usr/local/texlive/2026/texmf-dist/tex/latex/graphics-cfg/graphics.cfg
File: graphics.cfg 2016/06/04 v1.11 sample graphics configuration
)
Package graphics Info: Driver file: luatex.def on input line 106.
)
\Gin@req@height=\dimen149
\Gin@req@width=\dimen150
)
(/usr/local/texlive/2026/texmf-dist/tex/latex/fancyhdr/fancyhdr.sty
Package: fancyhdr 2025/02/07 v5.2 Extensive control of page headers and footers

\f@nch@headwidth=\skip52
\f@nch@offset@elh=\skip53
\f@nch@offset@erh=\skip54
\f@nch@offset@olh=\skip55
\f@nch@offset@orh=\skip56
\f@nch@offset@elf=\skip57
\f@nch@offset@erf=\skip58
\f@nch@offset@olf=\skip59
\f@nch@offset@orf=\skip60
\f@nch@height=\skip61
\f@nch@footalignment=\skip62
\f@nch@widthL=\skip63
\f@nch@widthC=\skip64
\f@nch@widthR=\skip65
\@temptokenb=\toks20
)
(/usr/local/texlive/2026/texmf-dist/tex/latex/moderncv/tweaklist.sty)
(/usr/local/texlive/2026/texmf-dist/tex/latex/tools/calc.sty
Package: calc 2025/03/01 v4.3b Infix arithmetic (KKT,FJ)
\calc@Acount=\count275
\calc@Bcount=\count276
\calc@Adimen=\dimen151
\calc@Bdimen=\dimen152
\calc@Askip=\skip66
\calc@Bskip=\skip67
LaTeX Info: Redefining \setlength on input line 86.
LaTeX Info: Redefining \addtolength on input line 87.
\calc@Ccount=\count277
\calc@Cskip=\skip68
)
(/usr/local/texlive/2026/texmf-dist/tex/latex/l3packages/xparse/xparse.sty
(/usr/local/texlive/2026/texmf-dist/tex/latex/l3kernel/expl3.sty
Package: expl3 2026-01-19 L3 programming layer (loader) 

(/usr/local/texlive/2026/texmf-dist/tex/latex/l3backend/l3backend-luatex.def
File: l3backend-luatex.def 2025-10-09 L3 backend support: PDF output (LuaTeX)
\l__color_backend_stack_int=\count278
Inserting `l3color' in `luaotfload.parse_color'.))
Package: xparse 2025-10-09 L3 Experimental document command parser
) (/usr/local/texlive/2026/texmf-dist/tex/latex/microtype/microtype.sty
Package: microtype 2026/03/01 v3.2d Micro-typographical refinements (RS)
\MT@toks=\toks21
\MT@tempbox=\box55
\MT@count=\count279
LaTeX Info: Redefining \noprotrusionifhmode on input line 1084.
LaTeX Info: Redefining \leftprotrusion on input line 1085.
\MT@prot@toks=\toks22
LaTeX Info: Redefining \rightprotrusion on input line 1104.
LaTeX Info: Redefining \textls on input line 1449.
\MT@outer@kern=\dimen153
LaTeX Info: Redefining \microtypecontext on input line 2053.
LaTeX Info: Redefining \textmicrotypecontext on input line 2070.
\MT@listname@count=\count280

(/usr/local/texlive/2026/texmf-dist/tex/latex/microtype/microtype-luatex.def
File: microtype-luatex.def 2026/03/01 v3.2d Definitions specific to luatex (RS)

Lua module: microtype 2026/03/01 v3.2d microtype module.
Module microtype Info: overwriting function `keepligature' on input line 63
LaTeX Info: Redefining \lsstyle on input line 779.
LaTeX Info: Redefining \lslig on input line 779.
\MT@outer@space=\skip69
)
Package microtype Info: Loading configuration file microtype.cfg.

(/usr/local/texlive/2026/texmf-dist/tex/latex/microtype/microtype.cfg
File: microtype.cfg 2026/03/01 v3.2d microtype main configuration file (RS)
)
LaTeX Info: Redefining \microtypesetup on input line 3065.
)
(/usr/local/texlive/2026/texmf-dist/tex/latex/moderncv/moderncvcollection.sty
Package: moderncvcollection 2026-01-31 v2.5.1 moderncv collections
\c@collection@iterator=\count281
)
(/usr/local/texlive/2026/texmf-dist/tex/latex/moderncv/moderncvcompatibility.st
y
Package: moderncvcompatibility 2026-01-31 v2.5.1 modern curriculum vitae and le
tter compatibility patches
)
\c@collection@phones@count=\count282
\c@collection@socials@count=\count283
\c@cvcolumnscounter=\count284
\c@cvcolumnsautowidthcounter=\count285
\c@tmpiteratorcounter=\count286
\cvcolumnsdummywidth=\skip70
\cvcolumnswidth=\skip71
\cvcolumnsautowidth=\skip72
\cvcolumnautowidth=\skip73
\bibindent=\skip74
)
(/usr/local/texlive/2026/texmf-dist/tex/latex/moderncv/moderncvstylebanking.sty
Package: moderncvstylebanking 2026-01-31 v2.5.1 modern curriculum vitae and let
ter style scheme: banking
(/usr/local/texlive/2026/texmf-dist/tex/latex/tex-gyre/tgpagella.sty
Package: tgpagella 2009/09/27 v1.2 TeX Gyre Pagella as default roman family

(/usr/local/texlive/2026/texmf-dist/tex/latex/kvoptions/kvoptions.sty
Package: kvoptions 2022-06-15 v3.15 Key value format for package options (HO)

(/usr/local/texlive/2026/texmf-dist/tex/generic/ltxcmds/ltxcmds.sty
Package: ltxcmds 2023-12-04 v1.26 LaTeX kernel commands for general use (HO)
)
(/usr/local/texlive/2026/texmf-dist/tex/latex/kvsetkeys/kvsetkeys.sty
Package: kvsetkeys 2022-10-05 v1.19 Key value parser (HO)
)))
(/usr/local/texlive/2026/texmf-dist/tex/latex/moderncv/moderncviconssymbols.sty
Package: moderncviconssymbols 2026-01-31 v2.5.1 modern curriculum vitae icons s
elector

(/usr/local/texlive/2026/texmf-dist/tex/latex/moderncv/moderncviconsawesome.sty
Package: moderncviconsawesome 2026-01-31 v2.5.1 modern curriculum vitae icons: 
awesome
(/usr/local/texlive/2026/texmf-dist/tex/latex/fontawesome5/fontawesome5.sty
Package: fontawesome5 2022/05/02 v5.15.4 Font Awesome 5

(/usr/local/texlive/2026/texmf-dist/tex/latex/l3packages/l3keys2e/l3keys2e.sty
Package: l3keys2e 2025-10-09 LaTeX2e option processing using LaTeX3 keys
)
(/usr/local/texlive/2026/texmf-dist/tex/latex/fontawesome5/fontawesome5-utex-he
lper.sty
Package: fontawesome5-utex-helper 2022/05/02 v5.15.4 uTeX helper for fontawesom
e5

(/usr/local/texlive/2026/texmf-dist/tex/luatex/luatexbase/luatexbase.sty
Package: luatexbase 2015/10/04 v1.3 luatexbase interface to LuaTeX 

(/usr/local/texlive/2026/texmf-dist/tex/luatex/ctablestack/ctablestack.sty
Package: ctablestack 2015/10/01 v1.0 Catcode table stable support
\@catcodetablestackcnt=\count287
)
\CatcodeTableOther=\catcodetable14
\CatcodeTableExpl=\catcodetable15
)
LaTeX Font Info:    Trying to load font information for TU+fontawesomefree on i
nput line 69.

(/usr/local/texlive/2026/texmf-dist/tex/latex/fontawesome5/tufontawesomefree.fd
)
LaTeX Font Info:    Trying to load font information for TU+fontawesomebrands on
 input line 70.

(/usr/local/texlive/2026/texmf-dist/tex/latex/fontawesome5/tufontawesomebrands.
fd))) (/usr/local/texlive/2026/texmf-dist/tex/latex/moderncv/moderncvcolors.sty
Package: moderncvcolors 2026-01-31 v2.5.1 modern curriculum vitae and letter ba
se colors
))
(/usr/local/texlive/2026/texmf-dist/tex/latex/moderncv/moderncviconsacademic.st
y
Package: moderncviconsacademic 2026-01-31 v2.5.1 modern curriculum vitae icons:
 academicons
 (/usr/local/texlive/2026/texmf-dist/tex/generic/academicons/academicons.sty
Package: academicons 2025/09/20 v1.9.6-2 Academicons Icons

(/usr/local/texlive/2026/texmf-dist/tex/latex/fontspec/fontspec.sty
Package: fontspec 2025/09/29 v2.9g Font selection for XeLaTeX and LuaLaTeX
Lua module: fontspec 2025/09/29 v2.9g Font selection for XeLaTeX and LuaLaTeX
(/usr/local/texlive/2026/texmf-dist/tex/latex/fontspec/fontspec-luatex.sty
Package: fontspec-luatex 2025/09/29 v2.9g Font selection for XeLaTeX and LuaLaT
eX
\l__fontspec_script_int=\count288
\l__fontspec_language_int=\count289
\l__fontspec_strnum_int=\count290
\l__fontspec_tmp_int=\count291
\l__fontspec_tmpa_int=\count292
\l__fontspec_tmpb_int=\count293
\l__fontspec_tmpc_int=\count294
\l__fontspec_em_int=\count295
\l__fontspec_emdef_int=\count296
\l__fontspec_strong_int=\count297
\l__fontspec_strongdef_int=\count298
\l__fontspec_tmpa_dim=\dimen154
\l__fontspec_tmpb_dim=\dimen155
\l__fontspec_tmpc_dim=\dimen156

(/usr/local/texlive/2026/texmf-dist/tex/latex/base/fontenc.sty
Package: fontenc 2025/07/18 v2.1d Standard LaTeX package
)
(/usr/local/texlive/2026/texmf-dist/tex/latex/fontspec/fontspec.cfg)))
luaotfload | cache : Lookup cache loaded from /Users/deyun/Library/texlive/2026/
texmf-var/luatex-cache/generic/names/luaotfload-lookup-cache.luc.

Package fontspec Info: 
(fontspec)             Font family 'academicons(0)' created for font
(fontspec)             'academicons' with options [UprightFont =
(fontspec)             academicons,BoldFont = academicons,ItalicFont =
(fontspec)             academicons,BoldItalicFont = academicons].
(fontspec)              
(fontspec)              This font family consists of the following NFSS
(fontspec)             series/shapes:
(fontspec)              
(fontspec)             - 'normal' (m/n) with NFSS spec.:
(fontspec)             <->"name:academicons:mode=node;language=dflt;"
(fontspec)             - 'bold' (b/n) with NFSS spec.:
(fontspec)             <->"name:academicons:mode=node;language=dflt;"
(fontspec)             - 'italic' (m/it) with NFSS spec.:
(fontspec)             <->"name:academicons:mode=node;language=dflt;"
(fontspec)             - 'bold italic' (b/it) with NFSS spec.:
(fontspec)             <->"name:academicons:mode=node;language=dflt;"


(/usr/local/texlive/2026/texmf-dist/tex/generic/academicons/academicons-xeluate
x.tex)
(/usr/local/texlive/2026/texmf-dist/tex/generic/academicons/academicons-generic
.tex)))
(/usr/local/texlive/2026/texmf-dist/tex/latex/moderncv/moderncviconstikz.sty
Package: moderncviconstikz 2026-01-31 v2.5.1 modern curriculum vitae and letter
 icons: tickz

(/usr/local/texlive/2026/texmf-dist/tex/latex/pgf/frontendlayer/tikz.sty
(/usr/local/texlive/2026/texmf-dist/tex/latex/pgf/basiclayer/pgf.sty
(/usr/local/texlive/2026/texmf-dist/tex/latex/pgf/utilities/pgfrcs.sty
(/usr/local/texlive/2026/texmf-dist/tex/generic/pgf/utilities/pgfutil-common.te
x
\pgfutil@everybye=\toks23
\pgfutil@tempdima=\dimen157
\pgfutil@tempdimb=\dimen158
)
(/usr/local/texlive/2026/texmf-dist/tex/generic/pgf/utilities/pgfutil-latex.def
\pgfutil@abb=\box56
) (/usr/local/texlive/2026/texmf-dist/tex/generic/pgf/utilities/pgfrcs.code.tex
(/usr/local/texlive/2026/texmf-dist/tex/generic/pgf/pgf.revision.tex)
Package: pgfrcs 2025-08-29 v3.1.11a (3.1.11a)
))
Package: pgf 2025-08-29 v3.1.11a (3.1.11a)

(/usr/local/texlive/2026/texmf-dist/tex/latex/pgf/basiclayer/pgfcore.sty
(/usr/local/texlive/2026/texmf-dist/tex/latex/pgf/systemlayer/pgfsys.sty
(/usr/local/texlive/2026/texmf-dist/tex/generic/pgf/systemlayer/pgfsys.code.tex
Package: pgfsys 2025-08-29 v3.1.11a (3.1.11a)
(/usr/local/texlive/2026/texmf-dist/tex/generic/pgf/utilities/pgfkeys.code.tex
\pgfkeys@pathtoks=\toks24
\pgfkeys@temptoks=\toks25

(/usr/local/texlive/2026/texmf-dist/tex/generic/pgf/utilities/pgfkeyslibraryfil
tered.code.tex
\pgfkeys@tmptoks=\toks26
))
\pgf@x=\dimen159
\pgf@y=\dimen160
\pgf@xa=\dimen161
\pgf@ya=\dimen162
\pgf@xb=\dimen163
\pgf@yb=\dimen164
\pgf@xc=\dimen165
\pgf@yc=\dimen166
\pgf@xd=\dimen167
\pgf@yd=\dimen168
\w@pgf@writea=\write3
\r@pgf@reada=\read2
\c@pgf@counta=\count299
\c@pgf@countb=\count300
\c@pgf@countc=\count301
\c@pgf@countd=\count302
\t@pgf@toka=\toks27
\t@pgf@tokb=\toks28
\t@pgf@tokc=\toks29
\pgf@sys@id@count=\count303

(/usr/local/texlive/2026/texmf-dist/tex/generic/pgf/systemlayer/pgf.cfg
File: pgf.cfg 2025-08-29 v3.1.11a (3.1.11a)
)
Driver file for pgf: pgfsys-luatex.def

(/usr/local/texlive/2026/texmf-dist/tex/generic/pgf/systemlayer/pgfsys-luatex.d
ef
File: pgfsys-luatex.def 2025-08-29 v3.1.11a (3.1.11a)

(/usr/local/texlive/2026/texmf-dist/tex/generic/pgf/systemlayer/pgfsys-common-p
df.def
File: pgfsys-common-pdf.def 2025-08-29 v3.1.11a (3.1.11a)
)))
(/usr/local/texlive/2026/texmf-dist/tex/generic/pgf/systemlayer/pgfsyssoftpath.
code.tex
File: pgfsyssoftpath.code.tex 2025-08-29 v3.1.11a (3.1.11a)
\pgfsyssoftpath@smallbuffer@items=\count304
\pgfsyssoftpath@bigbuffer@items=\count305
)
(/usr/local/texlive/2026/texmf-dist/tex/generic/pgf/systemlayer/pgfsysprotocol.
code.tex
File: pgfsysprotocol.code.tex 2025-08-29 v3.1.11a (3.1.11a)
))
(/usr/local/texlive/2026/texmf-dist/tex/generic/pgf/basiclayer/pgfcore.code.tex
Package: pgfcore 2025-08-29 v3.1.11a (3.1.11a)
(/usr/local/texlive/2026/texmf-dist/tex/generic/pgf/math/pgfmath.code.tex
(/usr/local/texlive/2026/texmf-dist/tex/generic/pgf/math/pgfmathutil.code.tex)
(/usr/local/texlive/2026/texmf-dist/tex/generic/pgf/math/pgfmathparser.code.tex
\pgfmath@dimen=\dimen169
\pgfmath@count=\count306
\pgfmath@box=\box57
\pgfmath@toks=\toks30
\pgfmath@stack@operand=\toks31
\pgfmath@stack@operation=\toks32
)
(/usr/local/texlive/2026/texmf-dist/tex/generic/pgf/math/pgfmathfunctions.code.
tex)
(/usr/local/texlive/2026/texmf-dist/tex/generic/pgf/math/pgfmathfunctions.basic
.code.tex)
(/usr/local/texlive/2026/texmf-dist/tex/generic/pgf/math/pgfmathfunctions.trigo
nometric.code.tex)
(/usr/local/texlive/2026/texmf-dist/tex/generic/pgf/math/pgfmathfunctions.rando
m.code.tex)
(/usr/local/texlive/2026/texmf-dist/tex/generic/pgf/math/pgfmathfunctions.compa
rison.code.tex)
(/usr/local/texlive/2026/texmf-dist/tex/generic/pgf/math/pgfmathfunctions.base.
code.tex)
(/usr/local/texlive/2026/texmf-dist/tex/generic/pgf/math/pgfmathfunctions.round
.code.tex)
(/usr/local/texlive/2026/texmf-dist/tex/generic/pgf/math/pgfmathfunctions.misc.
code.tex)
(/usr/local/texlive/2026/texmf-dist/tex/generic/pgf/math/pgfmathfunctions.integ
erarithmetics.code.tex)
(/usr/local/texlive/2026/texmf-dist/tex/generic/pgf/math/pgfmathcalc.code.tex)
(/usr/local/texlive/2026/texmf-dist/tex/generic/pgf/math/pgfmathfloat.code.tex
\c@pgfmathroundto@lastzeros=\count307
)) (/usr/local/texlive/2026/texmf-dist/tex/generic/pgf/math/pgfint.code.tex)
(/usr/local/texlive/2026/texmf-dist/tex/generic/pgf/basiclayer/pgfcorepoints.co
de.tex
File: pgfcorepoints.code.tex 2025-08-29 v3.1.11a (3.1.11a)
\pgf@picminx=\dimen170
\pgf@picmaxx=\dimen171
\pgf@picminy=\dimen172
\pgf@picmaxy=\dimen173
\pgf@pathminx=\dimen174
\pgf@pathmaxx=\dimen175
\pgf@pathminy=\dimen176
\pgf@pathmaxy=\dimen177
\pgf@xx=\dimen178
\pgf@xy=\dimen179
\pgf@yx=\dimen180
\pgf@yy=\dimen181
\pgf@zx=\dimen182
\pgf@zy=\dimen183
)
(/usr/local/texlive/2026/texmf-dist/tex/generic/pgf/basiclayer/pgfcorepathconst
ruct.code.tex
File: pgfcorepathconstruct.code.tex 2025-08-29 v3.1.11a (3.1.11a)
\pgf@path@lastx=\dimen184
\pgf@path@lasty=\dimen185
)
(/usr/local/texlive/2026/texmf-dist/tex/generic/pgf/basiclayer/pgfcorepathusage
.code.tex
File: pgfcorepathusage.code.tex 2025-08-29 v3.1.11a (3.1.11a)
\pgf@shorten@end@additional=\dimen186
\pgf@shorten@start@additional=\dimen187
)
(/usr/local/texlive/2026/texmf-dist/tex/generic/pgf/basiclayer/pgfcorescopes.co
de.tex
File: pgfcorescopes.code.tex 2025-08-29 v3.1.11a (3.1.11a)
\pgfpic=\box58
\pgf@hbox=\box59
\pgf@layerbox@main=\box60
\pgf@picture@serial@count=\count308
)
(/usr/local/texlive/2026/texmf-dist/tex/generic/pgf/basiclayer/pgfcoregraphicst
ate.code.tex
File: pgfcoregraphicstate.code.tex 2025-08-29 v3.1.11a (3.1.11a)
\pgflinewidth=\dimen188
)
(/usr/local/texlive/2026/texmf-dist/tex/generic/pgf/basiclayer/pgfcoretransform
ations.code.tex
File: pgfcoretransformations.code.tex 2025-08-29 v3.1.11a (3.1.11a)
\pgf@pt@x=\dimen189
\pgf@pt@y=\dimen190
\pgf@pt@temp=\dimen191
)
(/usr/local/texlive/2026/texmf-dist/tex/generic/pgf/basiclayer/pgfcorequick.cod
e.tex
File: pgfcorequick.code.tex 2025-08-29 v3.1.11a (3.1.11a)
)
(/usr/local/texlive/2026/texmf-dist/tex/generic/pgf/basiclayer/pgfcoreobjects.c
ode.tex
File: pgfcoreobjects.code.tex 2025-08-29 v3.1.11a (3.1.11a)
)
(/usr/local/texlive/2026/texmf-dist/tex/generic/pgf/basiclayer/pgfcorepathproce
ssing.code.tex
File: pgfcorepathprocessing.code.tex 2025-08-29 v3.1.11a (3.1.11a)
)
(/usr/local/texlive/2026/texmf-dist/tex/generic/pgf/basiclayer/pgfcorearrows.co
de.tex
File: pgfcorearrows.code.tex 2025-08-29 v3.1.11a (3.1.11a)
\pgfarrowsep=\dimen192
)
(/usr/local/texlive/2026/texmf-dist/tex/generic/pgf/basiclayer/pgfcoreshade.cod
e.tex
File: pgfcoreshade.code.tex 2025-08-29 v3.1.11a (3.1.11a)
\pgf@max=\dimen193
\pgf@sys@shading@range@num=\count309
\pgf@shadingcount=\count310
)
(/usr/local/texlive/2026/texmf-dist/tex/generic/pgf/basiclayer/pgfcoreimage.cod
e.tex
File: pgfcoreimage.code.tex 2025-08-29 v3.1.11a (3.1.11a)
)
(/usr/local/texlive/2026/texmf-dist/tex/generic/pgf/basiclayer/pgfcoreexternal.
code.tex
File: pgfcoreexternal.code.tex 2025-08-29 v3.1.11a (3.1.11a)
\pgfexternal@startupbox=\box61
)
(/usr/local/texlive/2026/texmf-dist/tex/generic/pgf/basiclayer/pgfcorelayers.co
de.tex
File: pgfcorelayers.code.tex 2025-08-29 v3.1.11a (3.1.11a)
)
(/usr/local/texlive/2026/texmf-dist/tex/generic/pgf/basiclayer/pgfcoretranspare
ncy.code.tex
File: pgfcoretransparency.code.tex 2025-08-29 v3.1.11a (3.1.11a)
)
(/usr/local/texlive/2026/texmf-dist/tex/generic/pgf/basiclayer/pgfcorepatterns.
code.tex
File: pgfcorepatterns.code.tex 2025-08-29 v3.1.11a (3.1.11a)
)
(/usr/local/texlive/2026/texmf-dist/tex/generic/pgf/basiclayer/pgfcorerdf.code.
tex
File: pgfcorerdf.code.tex 2025-08-29 v3.1.11a (3.1.11a)
)))
(/usr/local/texlive/2026/texmf-dist/tex/generic/pgf/modules/pgfmoduleshapes.cod
e.tex
File: pgfmoduleshapes.code.tex 2025-08-29 v3.1.11a (3.1.11a)
\pgfnodeparttextbox=\box62
)
(/usr/local/texlive/2026/texmf-dist/tex/generic/pgf/modules/pgfmoduleplot.code.
tex
File: pgfmoduleplot.code.tex 2025-08-29 v3.1.11a (3.1.11a)
)
(/usr/local/texlive/2026/texmf-dist/tex/latex/pgf/compatibility/pgfcomp-version
-0-65.sty
Package: pgfcomp-version-0-65 2025-08-29 v3.1.11a (3.1.11a)
\pgf@nodesepstart=\dimen194
\pgf@nodesepend=\dimen195
)
(/usr/local/texlive/2026/texmf-dist/tex/latex/pgf/compatibility/pgfcomp-version
-1-18.sty
Package: pgfcomp-version-1-18 2025-08-29 v3.1.11a (3.1.11a)
))
(/usr/local/texlive/2026/texmf-dist/tex/latex/pgf/utilities/pgffor.sty
(/usr/local/texlive/2026/texmf-dist/tex/latex/pgf/utilities/pgfkeys.sty
(/usr/local/texlive/2026/texmf-dist/tex/generic/pgf/utilities/pgfkeys.code.tex))
 (/usr/local/texlive/2026/texmf-dist/tex/latex/pgf/math/pgfmath.sty
(/usr/local/texlive/2026/texmf-dist/tex/generic/pgf/math/pgfmath.code.tex))
(/usr/local/texlive/2026/texmf-dist/tex/generic/pgf/utilities/pgffor.code.tex
Package: pgffor 2025-08-29 v3.1.11a (3.1.11a)
\pgffor@iter=\dimen196
\pgffor@skip=\dimen197
\pgffor@stack=\toks33
\pgffor@toks=\toks34
))
(/usr/local/texlive/2026/texmf-dist/tex/generic/pgf/frontendlayer/tikz/tikz.cod
e.tex
Package: tikz 2025-08-29 v3.1.11a (3.1.11a)

(/usr/local/texlive/2026/texmf-dist/tex/generic/pgf/libraries/pgflibraryplothan
dlers.code.tex
File: pgflibraryplothandlers.code.tex 2025-08-29 v3.1.11a (3.1.11a)
\pgf@plot@mark@count=\count311
\pgfplotmarksize=\dimen198
)
\tikz@lastx=\dimen199
\tikz@lasty=\dimen256
\tikz@lastxsaved=\dimen257
\tikz@lastysaved=\dimen258
\tikz@lastmovetox=\dimen259
\tikz@lastmovetoy=\dimen260
\tikzleveldistance=\dimen261
\tikzsiblingdistance=\dimen262
\tikz@figbox=\box63
\tikz@figbox@bg=\box64
\tikz@tempbox=\box65
\tikz@tempbox@bg=\box66
\tikztreelevel=\count312
\tikznumberofchildren=\count313
\tikznumberofcurrentchild=\count314
\tikz@fig@count=\count315

(/usr/local/texlive/2026/texmf-dist/tex/generic/pgf/modules/pgfmodulematrix.cod
e.tex
File: pgfmodulematrix.code.tex 2025-08-29 v3.1.11a (3.1.11a)
\pgfmatrixcurrentrow=\count316
\pgfmatrixcurrentcolumn=\count317
\pgf@matrix@numberofcolumns=\count318
)
\tikz@expandcount=\count319

(/usr/local/texlive/2026/texmf-dist/tex/generic/pgf/frontendlayer/tikz/librarie
s/tikzlibrarytopaths.code.tex
File: tikzlibrarytopaths.code.tex 2025-08-29 v3.1.11a (3.1.11a)
)))
(/usr/local/texlive/2026/texmf-dist/tex/generic/pgf/frontendlayer/tikz/librarie
s/tikzlibrarybabel.code.tex
File: tikzlibrarybabel.code.tex 2025-08-29 v3.1.11a (3.1.11a)
)))
(/usr/local/texlive/2026/texmf-dist/tex/latex/moderncv/moderncvheadiii.sty
Package: moderncvheadiii 2026-01-31 v2.5.1 modern curriculum vitae and letter h
eader variant: 3
\makeheaddetailsbox=\box67
\makeheaddetailstempbox=\box68
\makeheaddetailswidth=\skip75
\makeheaddetailsboxwidth=\skip76
\quotewidth=\skip77
)
(/usr/local/texlive/2026/texmf-dist/tex/latex/moderncv/moderncvbodyiii.sty
Package: moderncvbodyiii 2026-01-31 v2.5.1 modern curriculum vitae and letter b
ody variant: 3

(/usr/local/texlive/2026/texmf-dist/tex/latex/moderncv/moderncvskillmatrix.sty
Package: moderncvskillmatrix 2026-01-31 v2.5.1 modern curriculum vitae and lett
er skill matrix

(/usr/local/texlive/2026/texmf-dist/tex/latex/multirow/multirow.sty
Package: multirow 2024/11/12 v2.9 Span multiple rows of a table
\multirow@colwidth=\skip78
\multirow@cntb=\count320
\multirow@dima=\skip79
\bigstrutjot=\dimen263
)
(/usr/local/texlive/2026/texmf-dist/tex/latex/arydshln/arydshln.sty
Package: arydshln 2019/02/21 v1.76 
\dashlinedash=\dimen264
\dashlinegap=\dimen265
\adl@box=\box69
\adl@height=\dimen266
\adl@heightsave=\dimen267
\adl@depth=\dimen268
\adl@depthsave=\dimen269
\adl@finaldepth=\dimen270
\adl@columns=\count321
\adl@ncol=\count322
\adl@currentcolumn=\count323
\adl@currentcolumnsave=\count324
\adl@totalheight=\count325
\adl@totalheightsave=\count326
\adl@dash=\count327
\adl@gap=\count328
\adl@cla=\count329
\adl@clb=\count330
\adl@everyvbox=\toks35
\adl@LTpagetotal=\dimen271
)
==> First Aid for arydshln.sty applied!
\cvSkill@ShapeSize=\skip80
\my@repeat@count=\count331
\cvskill@width=\skip81
\cvskill@descriptorwidth=\skip82
\cvskill@experiencewidth=\skip83
\skillmatrix@columnwidth=\skip84
\skillmatrix@commentwidth=\skip85
\skillmatrix@padding=\skip86
\skillmatrix@hintscolumnwidth=\skip87
\skillmatrix@bodylength=\skip88
\cvskilllegend@leftdescriptorwidth=\skip89
\cvskilllegend@rightdescriptorwidth=\skip90
\skilllegend@hintscolumnwidth=\skip91
\skilllegend@padding=\skip92
\skilllegend@bodylength=\skip93
\separatorrulewidth=\skip94
)
\hintscolumnwidth=\skip95
\separatorcolumnwidth=\skip96
\maincolumnwidth=\skip97
\doubleitemcolumnwidth=\skip98
\tripleitemcolumnwidth=\skip99
\listitemsymbolwidth=\skip100
\listitemcolumnwidth=\skip101
\listdoubleitemcolumnwidth=\skip102
\listitemsymbolspace=\skip103
\cvitemwithcommentmainbox=\box70
\cvitemwithcommentmainlength=\skip104
\cvitemwithcommentcommentlength=\skip105
))
(/usr/local/texlive/2026/texmf-dist/tex/latex/moderncv/moderncvcolorpurple.sty
Package: moderncvcolorpurple 2026-01-31 v2.5.1 modern curriculum vitae and lett
er color scheme: purple
) (/usr/local/texlive/2026/texmf-dist/tex/latex/tools/tabularx.sty
Package: tabularx 2023/12/11 v2.12a `tabularx' package (DPC)
\TX@col@width=\dimen272
\TX@old@table=\dimen273
\TX@old@col=\dimen274
\TX@target=\dimen275
\TX@delta=\dimen276
\TX@cols=\count332
\TX@ftn=\toks36
)
(/usr/local/texlive/2026/texmf-dist/tex/latex/ragged2e/ragged2e.sty
Package: ragged2e 2023/06/22 v3.6 ragged2e Package
\CenteringLeftskip=\skip106
\RaggedLeftLeftskip=\skip107
\RaggedRightLeftskip=\skip108
\CenteringRightskip=\skip109
\RaggedLeftRightskip=\skip110
\RaggedRightRightskip=\skip111
\CenteringParfillskip=\skip112
\RaggedLeftParfillskip=\skip113
\RaggedRightParfillskip=\skip114
\JustifyingParfillskip=\skip115
\CenteringParindent=\skip116
\RaggedLeftParindent=\skip117
\RaggedRightParindent=\skip118
\JustifyingParindent=\skip119
)
(/usr/local/texlive/2026/texmf-dist/tex/latex/graphics/dvipsnam.def
File: dvipsnam.def 2016/06/17 v3.0m Driver-dependent file (DPC,SPQR)
)
(/usr/local/texlive/2026/texmf-dist/tex/latex/emoji/emoji.sty
Package: emoji 2021/07/17 v0.2.2 Emoji support in (Lua)LaTeX

(/usr/local/texlive/2026/texmf-dist/tex/latex/emoji/emoji-table.def
File: emoji-table.def 2021/07/17 v0.2.2 Emojisupportin(Lua)LaTeX
))
(/usr/local/texlive/2026/texmf-dist/tex/luatex/luatexja/addons/luatexja-fontspe
c.sty
Package: luatexja-fontspec 2025-09-30 fontspec support of LuaTeX-ja
 (/usr/local/texlive/2026/texmf-dist/tex/luatex/luatexja/luatexja.sty
Package: luatexja 2026-01-30 Japanese Typesetting with Lua(La)TeX

(/usr/local/texlive/2026/texmf-dist/tex/luatex/luatexja/luatexja-core.sty
Package: luatexja-core 2023-10-07 Core of LuaTeX-ja

(/usr/local/texlive/2026/texmf-dist/tex/generic/infwarerr/infwarerr.sty
Package: infwarerr 2019/12/03 v1.5 Providing info/warning/error messages (HO)
)
(/usr/local/texlive/2026/texmf-dist/tex/generic/pdftexcmds/pdftexcmds.sty
Package: pdftexcmds 2020-06-27 v0.33 Utility functions of pdfTeX for LuaTeX (HO
)
Package pdftexcmds Info: \pdf@primitive is available.
Package pdftexcmds Info: \pdf@ifprimitive is available.
Package pdftexcmds Info: \pdfdraftmode found.
\pdftexcmds@toks=\toks37
)
(/usr/local/texlive/2026/texmf-dist/tex/latex/xkeyval/xkeyval.sty
Package: xkeyval 2025/11/04 v2.10 package option processing (HA)

(/usr/local/texlive/2026/texmf-dist/tex/generic/xkeyval/xkeyval.tex
(/usr/local/texlive/2026/texmf-dist/tex/generic/xkeyval/xkvutils.tex
\XKV@toks=\toks38
\XKV@tempa@toks=\toks39
\XKV@tempb@toks=\toks40
)
\XKV@depth=\count333
File: xkeyval.tex 2014/12/03 v2.7a key=value parser (HA)
))
(/usr/local/texlive/2026/texmf-dist/tex/latex/everyhook/everyhook.sty
(/usr/local/texlive/2026/texmf-dist/tex/latex/svn-prov/svn-prov.sty
Package: svn-prov 2010/04/24 v3.1862 Package Date/Version from SVN Keywords
)
Package: everyhook 2014/11/26 v1.2 (SVN Rev: 12)\ Hooks for low level TeX every
X primitives.
\everypar=\toks41
\frozen@everymath=\toks42
\frozen@everydisplay=\toks43
\everyhbox=\toks44
\everyvbox=\toks45
\everycr=\toks46
)
\ltjlineendcomment=\count334
\ltj@dimen@zw=\dimen277
\ltj@dimen@zh=\dimen278
\ltj@dimen@jQ=\dimen279
\ltj@icflag=\attribute4
\ltj@curjfnt=\attribute5
\ltj@curtfnt=\attribute6
\ltj@charclass=\attribute7
\ltj@charcode=\attribute8
\ltj@autospc=\attribute9
\ltj@autoxspc=\attribute10
\ltj@yablshift=\attribute11
\ltj@ykblshift=\attribute12
\ltj@tablshift=\attribute13
\ltj@tkblshift=\attribute14
\jfam=\attribute15
\ltj@vert@ori=\attribute16
\ltj@dir=\attribute17
\ltj@@japanese=\language2
\ltj@tempcnta=\count335
\ltj@tempdima=\dimen280
\ltj@@stack=\count336
\ltj@@group@level=\count337
\ltj@kcat0=\attribute18
\ltj@kcat1=\attribute19
\ltj@kcat2=\attribute20
\ltj@kcat3=\attribute21
\ltj@kcat4=\attribute22
\ltj@kcat5=\attribute23
\ltj@kcat6=\attribute24
Custom whatsit inhibitglue = 1
Custom whatsit stack_marker = 2
Custom whatsit begin_par = 3
Custom whatsit direction = 4
Custom whatsit box_boundary = 5
Custom whatsit ja_al_boundary = 6
Module luatexbase Info: Uninstalling kernel luatexbase code on input line 184
(load cache: ltj-cid-auto-adobe-japan1.luc)
Lua module: luatexja.charrange 2022-08-19 Handling the range of Japanese charact
ers
Lua module: luatexja.stack 2022-08-20 LuaTeX-ja stack system
Inserting `ltj.create_dir_whatsit' in `hpack_filter'.
Inserting `ltj.create_dir_whatsit' in `post_linebreak_filter'.
Inserting `ltj.direction' in `vpack_filter'.
Inserting `ltj.direction' in `pre_output_filter'.
Inserting `ltj.lineskip' in `post_linebreak_filter'.
Inserting `ltj.lineskip' in `append_to_vlist_filter'.
Lua module: luatexja.jfont 2025-05-04 Loader for Japanese fonts
Removing  `luaotfload.define_font' from `define_font'.
Inserting `luatexja.font_callback' in `define_font'.
Removing  `luaotfload.aux.set_sscale_dimens' from `luaotfload.patch_font'.
Removing  `luaotfload.aux.set_font_index' from `luaotfload.patch_font'.
Removing  `luaotfload.aux.patch_cambria_domh' from `luaotfload.patch_font'.
Removing  `luaotfload.aux.set_capheight' from `luaotfload.patch_font'.
Removing  `luaotfload.aux.set_xheight' from `luaotfload.patch_font'.
Removing  `luaotfload.rewrite_fontname' from `luaotfload.patch_font'.
Inserting `ltj.prepare_extra_data' in `luaotfload.patch_font'.
Inserting `luaotfload.aux.set_sscale_dimens' in `luaotfload.patch_font'.
Inserting `luaotfload.aux.set_font_index' in `luaotfload.patch_font'.
Inserting `luaotfload.aux.patch_cambria_domh' in `luaotfload.patch_font'.
Inserting `luaotfload.aux.set_capheight' in `luaotfload.patch_font'.
Inserting `luaotfload.aux.set_xheight' in `luaotfload.patch_font'.
Inserting `luaotfload.rewrite_fontname' in `luaotfload.patch_font'.
Inserting `ltj.prepare_extra_data' in `luatexja.define_font'.(load cache: extra_
lmroman10-regular.luc)(load cache: extra_fontawesome5free-solid.luc)(load cache:
 extra_fontawesome5brands-regular.luc)(load cache: extra_lmromandemi10-regular.l
uc)(load cache: extra_academicons.luc)(load cache: extra_lmroman6-regular.luc)(l
oad cache: extra_fontawesome5free-regular.luc)
Inserting `ltj.get_vert_form' in `luatexja.define_jfont'.
Removing  `ltj.prepare_extra_data' from `luaotfload.patch_font'.
Removing  `luaotfload.aux.set_sscale_dimens' from `luaotfload.patch_font'.
Removing  `luaotfload.aux.set_font_index' from `luaotfload.patch_font'.
Removing  `luaotfload.aux.patch_cambria_domh' from `luaotfload.patch_font'.
Removing  `luaotfload.aux.set_capheight' from `luaotfload.patch_font'.
Removing  `luaotfload.aux.set_xheight' from `luaotfload.patch_font'.
Removing  `luaotfload.rewrite_fontname' from `luaotfload.patch_font'.
Inserting `ltj.supply_tounicode' in `luaotfload.patch_font'.
Inserting `ltj.prepare_extra_data' in `luaotfload.patch_font'.
Inserting `luaotfload.aux.set_sscale_dimens' in `luaotfload.patch_font'.
Inserting `luaotfload.aux.set_font_index' in `luaotfload.patch_font'.
Inserting `luaotfload.aux.patch_cambria_domh' in `luaotfload.patch_font'.
Inserting `luaotfload.aux.set_capheight' in `luaotfload.patch_font'.
Inserting `luaotfload.aux.set_xheight' in `luaotfload.patch_font'.
Inserting `luaotfload.rewrite_fontname' in `luaotfload.patch_font'.
Inserting `ltj.process_input_buffer' in `process_input_buffer'.
Inserting `ltj.hyphenate' in `hyphenate'.
Removing  `luaotfload.node_processor' from `hpack_filter'.
Removing  `luaotfload.harf.finalize_hlist' from `hpack_filter'.
Removing  `ltj.create_dir_whatsit' from `hpack_filter'.
Inserting `ltj.set_stack_level' in `hpack_filter'.
Inserting `luaotfload.node_processor' in `hpack_filter'.
Inserting `luaotfload.harf.finalize_hlist' in `hpack_filter'.
Inserting `ltj.create_dir_whatsit' in `hpack_filter'.
Removing  `luaotfload.node_processor' from `pre_linebreak_filter'.
Inserting `ltj.set_stack_level' in `pre_linebreak_filter'.
Inserting `luaotfload.node_processor' in `pre_linebreak_filter'.
Lua module: luatexja.jfmglue 2026-01-07 Insertion process of JFM glues, [x]kanji
skip and others
Inserting `luatexja.beginpar.np_info' in `luatexja.jfmglue.whatsit_getinfo'.
Inserting `luatexja.beginpar.np_info_after' in `luatexja.jfmglue.whatsit_after'.
Inserting `ltj.mlist_to_hlist_pre' in `pre_mlist_to_hlist_filter'.
Inserting `ltj.main' in `pre_linebreak_filter'.
Removing  `luaotfload.harf.finalize_hlist' from `hpack_filter'.
Removing  `ltj.create_dir_whatsit' from `hpack_filter'.
Inserting `ltj.main' in `hpack_filter'.
Inserting `luaotfload.harf.finalize_hlist' in `hpack_filter'.
Inserting `ltj.create_dir_whatsit' in `hpack_filter'.
Removing  `ltj.set_stack_level' from `pre_linebreak_filter'.
Removing  `luaotfload.node_processor' from `pre_linebreak_filter'.
Removing  `ltj.main' from `pre_linebreak_filter'.
Inserting `ltj.adjust_icflag' in `pre_linebreak_filter'.
Inserting `ltj.set_stack_level' in `pre_linebreak_filter'.
Inserting `luaotfload.node_processor' in `pre_linebreak_filter'.
Inserting `ltj.main' in `pre_linebreak_filter'.
Removing  `ltj.set_stack_level' from `hpack_filter'.
Removing  `luaotfload.node_processor' from `hpack_filter'.
Removing  `ltj.main' from `hpack_filter'.
Removing  `luaotfload.harf.finalize_hlist' from `hpack_filter'.
Removing  `ltj.create_dir_whatsit' from `hpack_filter'.
Inserting `ltj.adjust_icflag' in `hpack_filter'.
Inserting `ltj.set_stack_level' in `hpack_filter'.
Inserting `luaotfload.node_processor' in `hpack_filter'.
Inserting `ltj.main' in `hpack_filter'.
Inserting `luaotfload.harf.finalize_hlist' in `hpack_filter'.
Inserting `ltj.create_dir_whatsit' in `hpack_filter'.
(/usr/local/texlive/2026/texmf-dist/tex/luatex/luatexja/ltj-base.sty
Package: ltj-base 2021-03-16
\ltj@tempcntb=\count338
\ltj@tempcntc=\count339
\ltj@afbox=\box71
)
\ltj@@italic@inner=\luafunction32
\ltj@@start@time@measure@inner=\luafunction33
\ltj@@stop@time@measure@inner=\luafunction34
\ltj@@jfont@inner=\luafunction35
\ltj@zw@inner=\luafunction36
\ltj@zh@inner=\luafunction37
\ltj@reset@globaldefs@inner=\luafunction38
\ltj@restore@globaldefs@inner=\luafunction39
\ltj@@disihb@inner=\luafunction40
\ltj@@ihb@inner=\luafunction41
\ltj@@fakeparbegin@inner=\luafunction42
\ltj@@fakeboxbdd@inner=\luafunction43
\ltj@@ins@xk@inner=\luafunction44
\ltj@@ins@k@inner=\luafunction45
\ltjsetkanjiskip@inner=\luafunction46
\ltjsetxkanjiskip@inner=\luafunction47
\ltj@@getparam@one@inner=\luafunction48
\ltj@alljachar@inner=\luafunction49
\ltj@@lua@populate@insertwhatsit@inner=\luafunction50
\ltj@@vadjust@begin@inner=\luafunction51
\ltj@@vadjust@dirhook@inner=\luafunction52
\ltj@@vadjust@check@dir@inner=\luafunction53
\ltj@@box@dirhook@inner=\luafunction54
\ltj@@reset@badness@inner=\luafunction55
\ltj@@lua@raisebox@inner=\luafunction56
\ltj@@vsplit@inner=\luafunction57
\ltj@@lua@unboxcheckdir@inner=\luafunction58
\ltj@@lua@uncopycheckdir@inner=\luafunction59
\ltj@@lua@uncopy@restore@whatsit@inner=\luafunction60
(load cache: ltj-kinsoku_default.luc)
(/usr/local/texlive/2026/texmf-dist/tex/luatex/luatexja/ltj-latex.sty
Package: ltj-latex 2025-06-08 LaTeX support of LuaTeX-ja
Inserting `ltj.direction' in `pre_shipout_filter'.
(/usr/local/texlive/2026/texmf-dist/tex/luatex/luatexja/patches/lltjfont.sty
Package: lltjfont 2025-10-26 Patch to NFSS2 for LuaTeX-ja
\ltj@@latex@plv=\count340

(/usr/local/texlive/2026/texmf-dist/tex/latex/base/tuenc.def
File: tuenc.def 2025/07/18 v2.1d Standard LaTeX file
\@remove@tlig@@@=\luafunction61
LaTeX Font Info:    Redeclaring font encoding TU on input line 105.
LaTeX Encoding Info:    Redeclaring text command \textquotesingle (encoding TU)
 on input line 148.
LaTeX Encoding Info:    Redeclaring text command \textasciigrave (encoding TU) 
on input line 149.
LaTeX Encoding Info:    Redeclaring text command \textquotedbl (encoding TU) on
 input line 150.
LaTeX Encoding Info:    Redeclaring text command \textdollar (encoding TU) on i
nput line 151.
LaTeX Encoding Info:    Redeclaring text command \textless (encoding TU) on inp
ut line 152.
LaTeX Encoding Info:    Redeclaring text command \textgreater (encoding TU) on 
input line 153.
LaTeX Encoding Info:    Redeclaring text command \textbackslash (encoding TU) o
n input line 154.
LaTeX Encoding Info:    Redeclaring text command \textasciicircum (encoding TU)
 on input line 155.
LaTeX Encoding Info:    Redeclaring text command \textunderscore (encoding TU) 
on input line 156.
LaTeX Encoding Info:    Redeclaring text command \textbraceleft (encoding TU) o
n input line 157.
LaTeX Encoding Info:    Redeclaring text command \textbar (encoding TU) on inpu
t line 158.
LaTeX Encoding Info:    Redeclaring text command \textbraceright (encoding TU) 
on input line 159.
LaTeX Encoding Info:    Redeclaring text command \textasciitilde (encoding TU) 
on input line 160.
LaTeX Encoding Info:    Redeclaring text command \textexclamdown (encoding TU) 
on input line 161.
LaTeX Encoding Info:    Redeclaring text command \textcent (encoding TU) on inp
ut line 162.
LaTeX Encoding Info:    Redeclaring text command \textsterling (encoding TU) on
 input line 163.
LaTeX Encoding Info:    Redeclaring text command \textcurrency (encoding TU) on
 input line 164.
LaTeX Encoding Info:    Redeclaring text command \textyen (encoding TU) on inpu
t line 165.
LaTeX Encoding Info:    Redeclaring text command \textbrokenbar (encoding TU) o
n input line 166.
LaTeX Encoding Info:    Redeclaring text command \textsection (encoding TU) on 
input line 167.
LaTeX Encoding Info:    Redeclaring text command \textasciidieresis (encoding T
U) on input line 168.
LaTeX Encoding Info:    Redeclaring text command \textcopyright (encoding TU) o
n input line 169.
LaTeX Encoding Info:    Redeclaring text command \textordfeminine (encoding TU)
 on input line 170.
LaTeX Encoding Info:    Redeclaring text command \guillemetleft (encoding TU) o
n input line 171.
LaTeX Encoding Info:    Redeclaring text command \guillemotleft (encoding TU) o
n input line 172.
LaTeX Encoding Info:    Redeclaring text command \textlnot (encoding TU) on inp
ut line 173.
LaTeX Encoding Info:    Redeclaring text command \textregistered (encoding TU) 
on input line 174.
LaTeX Encoding Info:    Redeclaring text command \textasciimacron (encoding TU)
 on input line 175.
LaTeX Encoding Info:    Redeclaring text command \textdegree (encoding TU) on i
nput line 176.
LaTeX Encoding Info:    Redeclaring text command \textpm (encoding TU) on input
 line 177.
LaTeX Encoding Info:    Redeclaring text command \texttwosuperior (encoding TU)
 on input line 178.
LaTeX Encoding Info:    Redeclaring text command \textthreesuperior (encoding T
U) on input line 179.
LaTeX Encoding Info:    Redeclaring text command \textasciiacute (encoding TU) 
on input line 180.
LaTeX Encoding Info:    Redeclaring text command \textmu (encoding TU) on input
 line 181.
LaTeX Encoding Info:    Redeclaring text command \textparagraph (encoding TU) o
n input line 182.
LaTeX Encoding Info:    Redeclaring text command \textperiodcentered (encoding 
TU) on input line 183.
LaTeX Encoding Info:    Redeclaring text command \textonesuperior (encoding TU)
 on input line 184.
LaTeX Encoding Info:    Redeclaring text command \textordmasculine (encoding TU
) on input line 185.
LaTeX Encoding Info:    Redeclaring text command \guillemetright (encoding TU) 
on input line 186.
LaTeX Encoding Info:    Redeclaring text command \guillemotright (encoding TU) 
on input line 187.
LaTeX Encoding Info:    Redeclaring text command \textonequarter (encoding TU) 
on input line 188.
LaTeX Encoding Info:    Redeclaring text command \textonehalf (encoding TU) on 
input line 189.
LaTeX Encoding Info:    Redeclaring text command \textthreequarters (encoding T
U) on input line 190.
LaTeX Encoding Info:    Redeclaring text command \textquestiondown (encoding TU
) on input line 191.
LaTeX Encoding Info:    Redeclaring text command \AE (encoding TU) on input lin
e 192.
LaTeX Encoding Info:    Redeclaring text command \DH (encoding TU) on input lin
e 193.
LaTeX Encoding Info:    Redeclaring text command \texttimes (encoding TU) on in
put line 194.
LaTeX Encoding Info:    Redeclaring text command \O (encoding TU) on input line
 195.
LaTeX Encoding Info:    Redeclaring text command \TH (encoding TU) on input lin
e 196.
LaTeX Encoding Info:    Redeclaring text command \ss (encoding TU) on input lin
e 197.
LaTeX Encoding Info:    Redeclaring text command \ae (encoding TU) on input lin
e 198.
LaTeX Encoding Info:    Redeclaring text command \dh (encoding TU) on input lin
e 199.
LaTeX Encoding Info:    Redeclaring text command \textdiv (encoding TU) on inpu
t line 200.
LaTeX Encoding Info:    Redeclaring text command \o (encoding TU) on input line
 201.
LaTeX Encoding Info:    Redeclaring text command \th (encoding TU) on input lin
e 202.
LaTeX Encoding Info:    Redeclaring text command \DJ (encoding TU) on input lin
e 203.
LaTeX Encoding Info:    Redeclaring text command \dj (encoding TU) on input lin
e 204.
LaTeX Encoding Info:    Redeclaring text command \i (encoding TU) on input line
 205.
LaTeX Encoding Info:    Redeclaring text command \IJ (encoding TU) on input lin
e 206.
LaTeX Encoding Info:    Redeclaring text command \ij (encoding TU) on input lin
e 207.
LaTeX Encoding Info:    Redeclaring text command \L (encoding TU) on input line
 208.
LaTeX Encoding Info:    Redeclaring text command \l (encoding TU) on input line
 209.
LaTeX Encoding Info:    Redeclaring text command \NG (encoding TU) on input lin
e 210.
LaTeX Encoding Info:    Redeclaring text command \ng (encoding TU) on input lin
e 211.
LaTeX Encoding Info:    Redeclaring text command \OE (encoding TU) on input lin
e 212.
LaTeX Encoding Info:    Redeclaring text command \oe (encoding TU) on input lin
e 213.
LaTeX Encoding Info:    Redeclaring text command \textflorin (encoding TU) on i
nput line 214.
LaTeX Encoding Info:    Redeclaring text command \j (encoding TU) on input line
 215.
LaTeX Encoding Info:    Redeclaring text command \textasciicaron (encoding TU) 
on input line 216.
LaTeX Encoding Info:    Redeclaring text command \textasciibreve (encoding TU) 
on input line 217.
LaTeX Encoding Info:    Redeclaring text command \textacutedbl (encoding TU) on
 input line 218.
LaTeX Encoding Info:    Redeclaring text command \textgravedbl (encoding TU) on
 input line 219.
LaTeX Encoding Info:    Redeclaring text command \texttildelow (encoding TU) on
 input line 220.
LaTeX Encoding Info:    Redeclaring text command \textbaht (encoding TU) on inp
ut line 221.
LaTeX Encoding Info:    Redeclaring text command \SS (encoding TU) on input lin
e 222.
LaTeX Encoding Info:    Redeclaring text command \textcompwordmark (encoding TU
) on input line 223.
LaTeX Encoding Info:    Redeclaring text command \textendash (encoding TU) on i
nput line 224.
LaTeX Encoding Info:    Redeclaring text command \textemdash (encoding TU) on i
nput line 225.
LaTeX Encoding Info:    Redeclaring text command \textnonbreakinghyphen (encodi
ng TU) on input line 226.
LaTeX Encoding Info:    Redeclaring text command \textfiguredash (encoding TU) 
on input line 228.
LaTeX Encoding Info:    Redeclaring text command \texthorizontalbar (encoding T
U) on input line 230.
LaTeX Encoding Info:    Redeclaring text command \textbardbl (encoding TU) on i
nput line 232.
LaTeX Encoding Info:    Redeclaring text command \textquoteleft (encoding TU) o
n input line 233.
LaTeX Encoding Info:    Redeclaring text command \textquoteright (encoding TU) 
on input line 234.
LaTeX Encoding Info:    Redeclaring text command \quotesinglbase (encoding TU) 
on input line 235.
LaTeX Encoding Info:    Redeclaring text command \textquotedblleft (encoding TU
) on input line 236.
LaTeX Encoding Info:    Redeclaring text command \textquotedblright (encoding T
U) on input line 237.
LaTeX Encoding Info:    Redeclaring text command \quotedblbase (encoding TU) on
 input line 238.
LaTeX Encoding Info:    Redeclaring text command \textdagger (encoding TU) on i
nput line 239.
LaTeX Encoding Info:    Redeclaring text command \textdaggerdbl (encoding TU) o
n input line 240.
LaTeX Encoding Info:    Redeclaring text command \textbullet (encoding TU) on i
nput line 241.
LaTeX Encoding Info:    Redeclaring text command \textellipsis (encoding TU) on
 input line 242.
LaTeX Encoding Info:    Redeclaring text command \textperthousand (encoding TU)
 on input line 243.
LaTeX Encoding Info:    Redeclaring text command \textpertenthousand (encoding 
TU) on input line 244.
LaTeX Encoding Info:    Redeclaring text command \guilsinglleft (encoding TU) o
n input line 245.
LaTeX Encoding Info:    Redeclaring text command \guilsinglright (encoding TU) 
on input line 246.
LaTeX Encoding Info:    Redeclaring text command \textreferencemark (encoding T
U) on input line 247.
LaTeX Encoding Info:    Redeclaring text command \textinterrobang (encoding TU)
 on input line 248.
LaTeX Encoding Info:    Redeclaring text command \textfractionsolidus (encoding
 TU) on input line 249.
LaTeX Encoding Info:    Redeclaring text command \textlquill (encoding TU) on i
nput line 250.
LaTeX Encoding Info:    Redeclaring text command \textrquill (encoding TU) on i
nput line 251.
LaTeX Encoding Info:    Redeclaring text command \textdiscount (encoding TU) on
 input line 252.
LaTeX Encoding Info:    Redeclaring text command \textcolonmonetary (encoding T
U) on input line 253.
LaTeX Encoding Info:    Redeclaring text command \textlira (encoding TU) on inp
ut line 254.
LaTeX Encoding Info:    Redeclaring text command \textnaira (encoding TU) on in
put line 255.
LaTeX Encoding Info:    Redeclaring text command \textwon (encoding TU) on inpu
t line 256.
LaTeX Encoding Info:    Redeclaring text command \textdong (encoding TU) on inp
ut line 257.
LaTeX Encoding Info:    Redeclaring text command \texteuro (encoding TU) on inp
ut line 258.
LaTeX Encoding Info:    Redeclaring text command \textpeso (encoding TU) on inp
ut line 259.
LaTeX Encoding Info:    Redeclaring text command \textcelsius (encoding TU) on 
input line 260.
LaTeX Encoding Info:    Redeclaring text command \textnumero (encoding TU) on i
nput line 261.
LaTeX Encoding Info:    Redeclaring text command \textcircledP (encoding TU) on
 input line 262.
LaTeX Encoding Info:    Redeclaring text command \textrecipe (encoding TU) on i
nput line 263.
LaTeX Encoding Info:    Redeclaring text command \textservicemark (encoding TU)
 on input line 264.
LaTeX Encoding Info:    Redeclaring text command \texttrademark (encoding TU) o
n input line 265.
LaTeX Encoding Info:    Redeclaring text command \textohm (encoding TU) on inpu
t line 266.
LaTeX Encoding Info:    Redeclaring text command \textmho (encoding TU) on inpu
t line 267.
LaTeX Encoding Info:    Redeclaring text command \textestimated (encoding TU) o
n input line 268.
LaTeX Encoding Info:    Redeclaring text command \textleftarrow (encoding TU) o
n input line 269.
LaTeX Encoding Info:    Redeclaring text command \textuparrow (encoding TU) on 
input line 270.
LaTeX Encoding Info:    Redeclaring text command \textrightarrow (encoding TU) 
on input line 271.
LaTeX Encoding Info:    Redeclaring text command \textdownarrow (encoding TU) o
n input line 272.
LaTeX Encoding Info:    Redeclaring text command \textminus (encoding TU) on in
put line 273.
LaTeX Encoding Info:    Redeclaring text command \Hwithstroke (encoding TU) on 
input line 275.
LaTeX Encoding Info:    Redeclaring text command \hwithstroke (encoding TU) on 
input line 276.
LaTeX Encoding Info:    Redeclaring text command \textasteriskcentered (encodin
g TU) on input line 277.
LaTeX Encoding Info:    Redeclaring text command \textsurd (encoding TU) on inp
ut line 288.
LaTeX Encoding Info:    Redeclaring text command \textlangle (encoding TU) on i
nput line 289.
LaTeX Encoding Info:    Redeclaring text command \textrangle (encoding TU) on i
nput line 290.
LaTeX Encoding Info:    Redeclaring text command \textblank (encoding TU) on in
put line 291.
LaTeX Encoding Info:    Redeclaring text command \textvisiblespace (encoding TU
) on input line 292.
LaTeX Encoding Info:    Redeclaring text command \textopenbullet (encoding TU) 
on input line 293.
LaTeX Encoding Info:    Redeclaring text command \textbigcircle (encoding TU) o
n input line 294.
LaTeX Encoding Info:    Redeclaring text command \textmusicalnote (encoding TU)
 on input line 295.
LaTeX Encoding Info:    Redeclaring text command \textmarried (encoding TU) on 
input line 296.
LaTeX Encoding Info:    Redeclaring text command \textdivorced (encoding TU) on
 input line 297.
LaTeX Encoding Info:    Redeclaring text command \textinterrobangdown (encoding
 TU) on input line 298.
LaTeX Encoding Info:    Redeclaring text command \` (encoding TU) on input line
 299.
LaTeX Encoding Info:    Redeclaring text command \' (encoding TU) on input line
 300.
LaTeX Encoding Info:    Redeclaring text command \^ (encoding TU) on input line
 301.
LaTeX Encoding Info:    Redeclaring text command \~ (encoding TU) on input line
 302.
LaTeX Encoding Info:    Redeclaring text command \= (encoding TU) on input line
 303.
LaTeX Encoding Info:    Redeclaring text command \u (encoding TU) on input line
 304.
LaTeX Encoding Info:    Redeclaring text command \. (encoding TU) on input line
 305.
LaTeX Encoding Info:    Redeclaring text command \" (encoding TU) on input line
 306.
LaTeX Encoding Info:    Redeclaring text command \r (encoding TU) on input line
 307.
LaTeX Encoding Info:    Redeclaring text command \H (encoding TU) on input line
 308.
LaTeX Encoding Info:    Redeclaring text command \v (encoding TU) on input line
 309.
LaTeX Encoding Info:    Redeclaring text command \b (encoding TU) on input line
 310.
LaTeX Encoding Info:    Redeclaring text command \d (encoding TU) on input line
 311.
LaTeX Encoding Info:    Redeclaring text command \c (encoding TU) on input line
 312.
LaTeX Encoding Info:    Redeclaring text command \k (encoding TU) on input line
 313.
LaTeX Encoding Info:    Redeclaring text command \textcommabelow (encoding TU) 
on input line 314.
)
\Cht=\dimen281
\cht=\dimen282
\Cdp=\dimen283
\cdp=\dimen284
\Cwd=\dimen285
\cwd=\dimen286
\Cvs=\dimen287
\cvs=\dimen288
\Chs=\dimen289
\chs=\dimen290
\cHT=\dimen291
\dstrutbox=\box72
\tstrutbox=\box73
\zstrutbox=\box74
LaTeX Info: Redefining \strut on input line 71.
\ltj@@add@fenc@@inner=\luafunction62
\ltj@@add@kyenc@@inner=\luafunction63
\ltj@@add@ktenc@@inner=\luafunction64
\ltj@@is@kyenc@@inner=\luafunction65
\ltj@@is@ktenc@@inner=\luafunction66
\ltj@@is@kenc@@inner=\luafunction67
\ltj@@is@ffam@@inner=\luafunction68
\ltj@@add@ffam@@inner=\luafunction69
\ltj@@add@kfam@@inner=\luafunction70
\ltj@@adjust@baseline@inner=\luafunction71
LaTeX Info: Redefining \fontencoding on input line 573.
LaTeX Info: Redefining \fontfamily on input line 619.
LaTeX Info: Redefining \fontseries on input line 813.
LaTeX Info: Redefining \fontseriesforce on input line 814.
LaTeX Info: Redefining \fontshape on input line 822.
LaTeX Info: Redefining \fontshapeforce on input line 833.
\ltj@@jfont@@jfmonly@@inner=\luafunction72
\ltj@@does@alt@set@@inner=\luafunction73
\ltj@@cipath@clear@inner=\luafunction74
)
(/usr/local/texlive/2026/texmf-dist/tex/luatex/luatexja/patches/lltjdefs.sty
Package: lltjdefs 2024-05-16 Default font settings of LuaTeX-ja
LaTeX Font Info:    Font shape `JT3/mc/m/n' will be
(Font)              scaled to size 9.6222pt on input line 69.

(/usr/local/texlive/2026/texmf-dist/tex/luatex/luatexja/jfm-ujisv.lua)
LaTeX Font Info:    Font shape `JY3/mc/m/n' will be
(Font)              scaled to size 9.6222pt on input line 69.
(load cache: extra_haranoajimincho-regular.luc)
(/usr/local/texlive/2026/texmf-dist/tex/luatex/luatexja/jfm-ujis.lua)
\symmincho=\mathgroup4
LaTeX Font Info:    Overwriting symbol font `mincho' in version `bold'
(Font)                  JY3/mc/m/n --> JY3/gt/m/n on input line 78.
)
(/usr/local/texlive/2026/texmf-dist/tex/luatex/luatexja/patches/lltjcore.sty
Package: lltjcore 2025-06-12 Patch to LaTeX2e Kernel for LuaTeX-ja (for LaTeX2e
 >=2025-06-01)
\@tombowwidth=\dimen292
\@TL=\box75
\@Tl=\box76
\@TC=\box77
\@TR=\box78
\@Tr=\box79
\@BL=\box80
\@Bl=\box81
\@BC=\box82
\@BR=\box83
\@Br=\box84
\@CL=\box85
\@CR=\box86
(load cache: extra_lmmono9-regular.luc)
\@bannertoken=\toks47
\@@paperheight=\dimen293
\@@paperwidth=\dimen294
\@@topmargin=\dimen295
LaTeX Info: Redefining \underline on input line 300.
)
(/usr/local/texlive/2026/texmf-dist/tex/luatex/luatexja/patches/lltjp-atbegshi.
sty
Package: lltjp-atbegshi 2024-05-14 Patching \shipout hooks for LuaTeX-ja
\l__platex_shipout_dummy_box=\box87
)
(/usr/local/texlive/2026/texmf-dist/tex/luatex/luatexja/patches/lltjp-fontspec.
sty)
(/usr/local/texlive/2026/texmf-dist/tex/luatex/luatexja/patches/lltjp-microtype
.sty

Package luatexja Warning: LuaTeX-ja's patch against the microtype package 
(luatexja)                (lltjp-microtype.sty, 2019-11-08) may not work.

)
(/usr/local/texlive/2026/texmf-dist/tex/luatex/luatexja/patches/lltjp-geometry.
sty
Package: lltjp-geometry 2024-05-16 Patch to geometry for LuaTeX-ja with vertica
l writing mode
 (/usr/local/texlive/2026/texmf-dist/tex/generic/iftex/ifluatex.sty
Package: ifluatex 2019/10/25 v1.5 ifluatex legacy package. Use iftex instead.
)))
\ltj@temp@cctb=\catcodetable16
)
(/usr/local/texlive/2026/texmf-dist/tex/luatex/luatexja/luatexja-compat.sty
Package: luatexja-compat 2025-09-21 Compatibility with pTeX
(load cache: ltj-jisx0208.luc)
\hour=\count341
\minute=\count342
))(load cache: extra_lmroman17-regular.luc)
LaTeX Font Info:    Font shape `JT3/mc/m/n' will be
(Font)              scaled to size 15.39551pt on input line 16.
LaTeX Font Info:    Font shape `JY3/mc/m/n' will be
(Font)              scaled to size 15.39551pt on input line 16.

(/usr/local/texlive/2026/texmf-dist/tex/luatex/luatexja/addons/luatexja-fontspe
c-29e.sty
Package: luatexja-fontspec-29e 2025-11-01 fontspec support of LuaTeX-ja
\g__ltj_fontspec_altnumber_int=\count343
))(load cache: extra_arialmt.luc)(load cache: extra_arial-bolditalicmt.luc)(load
 cache: extra_arial-boldmt.luc)(load cache: extra_arial-italicmt.luc)
LaTeX Font Info:    Font shape `JT3/mc/m/n' will be
(Font)              scaled to size 10.53629pt on input line 37.
LaTeX Font Info:    Font shape `JY3/mc/m/n' will be
(Font)              scaled to size 10.53629pt on input line 37.

Package fontspec Info: 
(fontspec)             Font family 'Arial(0)' created for font 'Arial' with
(fontspec)             options [Ligatures=TeX].
(fontspec)              
(fontspec)              This font family consists of the following NFSS
(fontspec)             series/shapes:
(fontspec)              
(fontspec)             - 'normal' (m/n) with NFSS spec.:
(fontspec)             <->"name:Arial:mode=node;script=latn;language=dflt;+tlig
;"
(fontspec)             - 'bold' (b/n) with NFSS spec.:
(fontspec)             <->"name:Arial/B:mode=node;script=latn;language=dflt;+tl
ig;"
(fontspec)             - 'italic' (m/it) with NFSS spec.:
(fontspec)             <->"name:Arial/I:mode=node;script=latn;language=dflt;+tl
ig;"
(fontspec)             - 'bold italic' (b/it) with NFSS spec.:
(fontspec)             <->"name:Arial/BI:mode=node;script=latn;language=dflt;+t
lig;"

LaTeX Font Info:    Font shape `JY3/mc/m/n' will be
(Font)              scaled to size 9.6222pt on input line 37.
(load cache: extra_couriernewpsmt.luc)(load cache: extra_couriernewps-bolditalic
mt.luc)(load cache: extra_couriernewps-boldmt.luc)(load cache: extra_couriernewp
s-italicmt.luc)

Package fontspec Info: 
(fontspec)             Font family 'CourierNew(0)' created for font 'Courier
(fontspec)             New' with options
(fontspec)             [WordSpace={1,0,0},HyphenChar=None,PunctuationSpace=Word
Space].
(fontspec)              
(fontspec)              This font family consists of the following NFSS
(fontspec)             series/shapes:
(fontspec)              
(fontspec)             - 'normal' (m/n) with NFSS spec.: <->"name:Courier
(fontspec)             New:mode=node;script=latn;language=dflt;"
(fontspec)             - 'bold' (b/n) with NFSS spec.: <->"name:Courier
(fontspec)             New/B:mode=node;script=latn;language=dflt;"
(fontspec)             - 'italic' (m/it) with NFSS spec.: <->"name:Courier
(fontspec)             New/I:mode=node;script=latn;language=dflt;"
(fontspec)             - 'bold italic' (b/it) with NFSS spec.:
(fontspec)             <->"name:Courier
(fontspec)             New/BI:mode=node;script=latn;language=dflt;"

luaotfload | db : Reload initiated (formats: otf,ttf,ttc); reason: Font "Noto Sa
ns CJK JP" not found.

./CV_EN.tex:43: Package fontspec Error: 
(fontspec)                The font "Noto Sans CJK JP" cannot be found; this
(fontspec)                may be but usually is not a fontspec bug. Either
(fontspec)                there is a typo in the font name/file, the font is
(fontspec)                not installed (correctly), or there is a bug in
(fontspec)                the underlying font loading engine
(fontspec)                (XeTeX/luaotfload).

For immediate help type H <return>.
 ...                                              
                                                  
l.43 \setsansjfont
                  {Noto Sans CJK JP}        % 无衬线󿿿

A font might not be found for many reasons.
 Check the spelling, where the font is installed etc. etc.

 When in doubt, ask someone for help!


luaotfload | aux : no font with id 0

Package fontspec Info: 
(fontspec)             Script 'CJK' not explicitly supported within font 'Noto
(fontspec)             Sans CJK JP'. Check the typeset output, and if it is
(fontspec)             okay then ignore this warning. Otherwise a different
(fontspec)             font should be chosen.

luaotfload | aux : no font with id 0

Package fontspec Info: 
(fontspec)             Noto Sans CJK JP scale = 0.96221923828125.


Package fontspec Info: 
(fontspec)             Could not resolve font "Noto Sans CJK JP/BI" (it
(fontspec)             probably doesn't exist).


Package fontspec Info: 
(fontspec)             Could not resolve font "Noto Sans CJK JP/B" (it
(fontspec)             probably doesn't exist).


Package fontspec Info: 
(fontspec)             Could not resolve font "Noto Sans CJK JP/I" (it
(fontspec)             probably doesn't exist).


./CV_EN.tex:43: Package fontspec Error: 
(fontspec)                The font "Noto Sans CJK JP" cannot be found; this
(fontspec)                may be but usually is not a fontspec bug. Either
(fontspec)                there is a typo in the font name/file, the font is
(fontspec)                not installed (correctly), or there is a bug in
(fontspec)                the underlying font loading engine
(fontspec)                (XeTeX/luaotfload).

For immediate help type H <return>.
 ...                                              
                                                  
l.43 \setsansjfont
                  {Noto Sans CJK JP}        % 无衬线󿿿

A font might not be found for many reasons.
 Check the spelling, where the font is installed etc. etc.

 When in doubt, ask someone for help!



./CV_EN.tex:43: Package fontspec Error: 
(fontspec)                The font "Noto Sans CJK JP" cannot be found; this
(fontspec)                may be but usually is not a fontspec bug. Either
(fontspec)                there is a typo in the font name/file, the font is
(fontspec)                not installed (correctly), or there is a bug in
(fontspec)                the underlying font loading engine
(fontspec)                (XeTeX/luaotfload).

For immediate help type H <return>.
 ...                                              
                                                  
l.43 \setsansjfont
                  {Noto Sans CJK JP}        % 无衬线󿿿

A font might not be found for many reasons.
 Check the spelling, where the font is installed etc. etc.

 When in doubt, ask someone for help!



Package fontspec Info: 
(fontspec)             Noto Sans CJK JP scale = 0.96221923828125.


./CV_EN.tex:43: Package fontspec Error: 
(fontspec)                The font "Noto Sans CJK JP" cannot be found; this
(fontspec)                may be but usually is not a fontspec bug. Either
(fontspec)                there is a typo in the font name/file, the font is
(fontspec)                not installed (correctly), or there is a bug in
(fontspec)                the underlying font loading engine
(fontspec)                (XeTeX/luaotfload).

For immediate help type H <return>.
 ...                                              
                                                  
l.43 \setsansjfont
                  {Noto Sans CJK JP}        % 无衬线󿿿

A font might not be found for many reasons.
 Check the spelling, where the font is installed etc. etc.

 When in doubt, ask someone for help!



Package fontspec Info: 
(fontspec)             Noto Sans CJK JP scale = 0.96221923828125.


Package fontspec Info: 
(fontspec)             Font family 'NotoSansCJKJP(0)' created for font 'Noto
(fontspec)             Sans CJK JP' with options
(fontspec)             [YokoFeatures={JFM=ujis},TateFeatures={JFM=ujisv},Scale=
0.96221923828125,Kerning=Off,Script=CJK].
(fontspec)              
(fontspec)              This font family consists of the following NFSS
(fontspec)             series/shapes:
(fontspec)              

LaTeX Font Info:    Redeclaring symbol font `mincho' on input line 43.
LaTeX Font Info:    Overwriting symbol font `mincho' in version `normal'
(Font)                  JY3/mc/m/n --> JY3/NotoSansCJKJP(0)/m/n on input line 4
3.
LaTeX Font Info:    Overwriting symbol font `mincho' in version `bold'
(Font)                  JY3/gt/m/n --> JY3/NotoSansCJKJP(0)/m/n on input line 4
3.
LaTeX Font Info:    Overwriting symbol font `mincho' in version `bold'
(Font)                  JY3/NotoSansCJKJP(0)/m/n --> JY3/NotoSansCJKJP(0)/b/n o
n input line 43.
LaTeX Font Info:    Font shape `JT3/NotoSansCJKJP(0)/m/n' will be
(Font)              scaled to size 9.6222pt on input line 43.
LaTeX Font Info:    Font shape `JY3/NotoSansCJKJP(0)/m/n' will be
(Font)              scaled to size 9.6222pt on input line 43.
./CV_EN.tex:43: Font \JY3/NotoSansCJKJP(0)/m/n/10=name:Noto Sans CJK JP:mode=nod
e;script=hani;language=dflt;jfm=ujis;-kern; at 9.62219pt not loadable: metric da
ta not found or bad.
<to be read again> 
                   relax 
l.43 \setsansjfont
                  {Noto Sans CJK JP}        % 无衬线󿿿
I wasn't able to read the size data for this font,
so I will ignore the font specification.
[Wizards can fix TFM files using TFtoPL/PLtoTF.]
You might try inserting a different font spec;
e.g., type `I\font<same font id>=<substitute font name>'.


./CV_EN.tex:44: Package fontspec Error: 
(fontspec)                The font "Noto Sans CJK JP" cannot be found; this
(fontspec)                may be but usually is not a fontspec bug. Either
(fontspec)                there is a typo in the font name/file, the font is
(fontspec)                not installed (correctly), or there is a bug in
(fontspec)                the underlying font loading engine
(fontspec)                (XeTeX/luaotfload).

For immediate help type H <return>.
 ...                                              
                                                  
l.44 \setmonojfont
                  {Noto Sans Mono CJK JP}   % 等宽󿿿

A font might not be found for many reasons.
 Check the spelling, where the font is installed etc. etc.

 When in doubt, ask someone for help!


luaotfload | aux : no font with id 0

Package fontspec Info: 
(fontspec)             Script 'CJK' not explicitly supported within font 'Noto
(fontspec)             Sans CJK JP'. Check the typeset output, and if it is
(fontspec)             okay then ignore this warning. Otherwise a different
(fontspec)             font should be chosen.

luaotfload | aux : no font with id 0

Package fontspec Info: 
(fontspec)             Noto Sans CJK JP scale = 0.96221923828125.

LaTeX Font Info:    Redeclaring math alphabet \mathgt on input line 44.
LaTeX Font Info:    Overwriting math alphabet `\mathgt' in version `normal'
(Font)                  JY3/gt/m/n --> JY3/NotoSansCJKJP(0)/m/n on input line 4
4.
LaTeX Font Info:    Overwriting math alphabet `\mathgt' in version `bold'
(Font)                  JY3/gt/m/n --> JY3/NotoSansCJKJP(0)/m/n on input line 4
4.
LaTeX Font Info:    Font shape `JY3/NotoSansCJKJP(0)/m/n' will be
(Font)              scaled to size 9.6222pt on input line 44.
./CV_EN.tex:44: Font \JY3/NotoSansCJKJP(0)/m/n/10=name:Noto Sans CJK JP:mode=nod
e;script=hani;language=dflt;jfm=ujis;-kern; at 9.62219pt not loadable: metric da
ta not found or bad.
<to be read again> 
                   relax 
l.44 \setmonojfont
                  {Noto Sans Mono CJK JP}   % 等宽󿿿
I wasn't able to read the size data for this font,
so I will ignore the font specification.
[Wizards can fix TFM files using TFtoPL/PLtoTF.]
You might try inserting a different font spec;
e.g., type `I\font<same font id>=<substitute font name>'.


./CV_EN.tex:45: Package fontspec Error: 
(fontspec)                The font "Noto Sans Mono CJK JP" cannot be found;
(fontspec)                this may be but usually is not a fontspec bug.
(fontspec)                Either there is a typo in the font name/file, the
(fontspec)                font is not installed (correctly), or there is a
(fontspec)                bug in the underlying font loading engine
(fontspec)                (XeTeX/luaotfload).

For immediate help type H <return>.
 ...                                              
                                                  
l.45 
     

A font might not be found for many reasons.
 Check the spelling, where the font is installed etc. etc.

 When in doubt, ask someone for help!


luaotfload | aux : no font with id 0

Package fontspec Info: 
(fontspec)             Script 'CJK' not explicitly supported within font 'Noto
(fontspec)             Sans Mono CJK JP'. Check the typeset output, and if it
(fontspec)             is okay then ignore this warning. Otherwise a different
(fontspec)             font should be chosen.

luaotfload | aux : no font with id 0

Package fontspec Info: 
(fontspec)             Noto Sans Mono CJK JP scale = 0.96221923828125.


Package fontspec Info: 
(fontspec)             Could not resolve font "Noto Sans Mono CJK JP/BI" (it
(fontspec)             probably doesn't exist).


Package fontspec Info: 
(fontspec)             Could not resolve font "Noto Sans Mono CJK JP/B" (it
(fontspec)             probably doesn't exist).


Package fontspec Info: 
(fontspec)             Could not resolve font "Noto Sans Mono CJK JP/I" (it
(fontspec)             probably doesn't exist).


./CV_EN.tex:45: Package fontspec Error: 
(fontspec)                The font "Noto Sans Mono CJK JP" cannot be found;
(fontspec)                this may be but usually is not a fontspec bug.
(fontspec)                Either there is a typo in the font name/file, the
(fontspec)                font is not installed (correctly), or there is a
(fontspec)                bug in the underlying font loading engine
(fontspec)                (XeTeX/luaotfload).

For immediate help type H <return>.
 ...                                              
                                                  
l.45 
     

A font might not be found for many reasons.
 Check the spelling, where the font is installed etc. etc.

 When in doubt, ask someone for help!



./CV_EN.tex:45: Package fontspec Error: 
(fontspec)                The font "Noto Sans Mono CJK JP" cannot be found;
(fontspec)                this may be but usually is not a fontspec bug.
(fontspec)                Either there is a typo in the font name/file, the
(fontspec)                font is not installed (correctly), or there is a
(fontspec)                bug in the underlying font loading engine
(fontspec)                (XeTeX/luaotfload).

For immediate help type H <return>.
 ...                                              
                                                  
l.45 
     

A font might not be found for many reasons.
 Check the spelling, where the font is installed etc. etc.

 When in doubt, ask someone for help!



Package fontspec Info: 
(fontspec)             Noto Sans Mono CJK JP scale = 0.96221923828125.

LaTeX Font Info:    Font shape `JT3/NotoSansCJKJP(0)/m/n' will be
(Font)              scaled to size 10.53629pt on input line 45.
LaTeX Font Info:    Font shape `JY3/NotoSansCJKJP(0)/m/n' will be
(Font)              scaled to size 10.53629pt on input line 45.

./CV_EN.tex:45: Package fontspec Error: 
(fontspec)                The font "Noto Sans Mono CJK JP" cannot be found;
(fontspec)                this may be but usually is not a fontspec bug.
(fontspec)                Either there is a typo in the font name/file, the
(fontspec)                font is not installed (correctly), or there is a
(fontspec)                bug in the underlying font loading engine
(fontspec)                (XeTeX/luaotfload).

For immediate help type H <return>.
 ...                                              
                                                  
l.45 
     

A font might not be found for many reasons.
 Check the spelling, where the font is installed etc. etc.

 When in doubt, ask someone for help!



Package fontspec Info: 
(fontspec)             Noto Sans Mono CJK JP scale = 0.96221923828125.

LaTeX Font Info:    Font shape `JY3/NotoSansCJKJP(0)/m/n' will be
(Font)              scaled to size 10.53629pt on input line 45.

Package fontspec Info: 
(fontspec)             Font family 'NotoSansMonoCJKJP(0)' created for font
(fontspec)             'Noto Sans Mono CJK JP' with options
(fontspec)             [YokoFeatures={JFM=ujis},TateFeatures={JFM=ujisv},Scale=
0.96221923828125,Kerning=Off,Script=CJK].
(fontspec)              
(fontspec)              This font family consists of the following NFSS
(fontspec)             series/shapes:
(fontspec)              

LaTeX Font Info:    Font shape `JY3/NotoSansCJKJP(0)/m/n' will be
(Font)              scaled to size 9.6222pt on input line 45.
./CV_EN.tex:45: Font \JY3/NotoSansCJKJP(0)/m/n/10=name:Noto Sans CJK JP:mode=nod
e;script=hani;language=dflt;jfm=ujis;-kern; at 9.62219pt not loadable: metric da
ta not found or bad.
<to be read again> 
                   relax 
l.45 
     
I wasn't able to read the size data for this font,
so I will ignore the font specification.
[Wizards can fix TFM files using TFtoPL/PLtoTF.]
You might try inserting a different font spec;
e.g., type `I\font<same font id>=<substitute font name>'.

(/usr/local/texlive/2026/texmf-dist/tex/latex/geometry/geometry.sty
Package: geometry 2026/03/07 v6.0 Page Geometry

(/usr/local/texlive/2026/texmf-dist/tex/generic/iftex/ifvtex.sty
Package: ifvtex 2019/10/25 v1.7 ifvtex legacy package. Use iftex instead.
)
\Gm@cnth=\count344
\Gm@cntv=\count345
\c@Gm@tempcnt=\count346
\Gm@bindingoffset=\dimen296
\Gm@wd@mp=\dimen297
\Gm@odd@mp=\dimen298
\Gm@even@mp=\dimen299
\Gm@layoutwidth=\dimen300
\Gm@layoutheight=\dimen301
\Gm@layouthoffset=\dimen302
\Gm@layoutvoffset=\dimen303
\Gm@dimlist=\toks48
)
(/usr/local/texlive/2026/texmf-dist/tex/latex/tools/multicol.sty
Package: multicol 2025/10/21 v2.0b multicolumn formatting (FMi)
\c@tracingmulticols=\count347
\mult@box=\box88
\multicol@leftmargin=\dimen304
\c@unbalance=\count348
\c@collectmore=\count349
\doublecol@number=\count350
\multicoltolerance=\count351
\multicolpretolerance=\count352
\full@width=\dimen305
\page@free=\dimen306
\premulticols=\dimen307
\postmulticols=\dimen308
\multicolsep=\skip120
\multicolbaselineskip=\skip121
\partial@page=\box89
\last@line=\box90
\mc@boxedresult=\box91
\maxbalancingoverflow=\dimen309
\mult@rightbox=\box92
\mult@grightbox=\box93
\mult@firstbox=\box94
\mult@gfirstbox=\box95
\@tempa=\box96
\@tempa=\box97
\@tempa=\box98
\@tempa=\box99
\@tempa=\box100
\@tempa=\box101
\@tempa=\box102
\@tempa=\box103
\@tempa=\box104
\@tempa=\box105
\@tempa=\box106
\@tempa=\box107
\@tempa=\box108
\@tempa=\box109
\@tempa=\box110
\@tempa=\box111
\@tempa=\box112
\@tempa=\box113
\@tempa=\box114
\@tempa=\box115
\@tempa=\box116
\@tempa=\box117
\@tempa=\box118
\@tempa=\box119
\@tempa=\box120
\@tempa=\box121
\@tempa=\box122
\@tempa=\box123
\@tempa=\box124
\@tempa=\box125
\@tempa=\box126
\@tempa=\box127
\@tempa=\box128
\@tempa=\box129
\@tempa=\box130
\@tempa=\box131
\c@minrows=\count353
\c@columnbadness=\count354
\c@finalcolumnbadness=\count355
\last@try=\dimen310
\multicolovershoot=\dimen311
\multicolundershoot=\dimen312
\mult@nat@firstbox=\box132
\colbreak@box=\box133
\mc@col@check@num=\count356
\g__mc_curr_col_int=\count357
)
(/usr/local/texlive/2026/texmf-dist/tex/latex/import/import.sty
Package: import 2020/04/01  v 6.2
)
(/usr/local/texlive/2026/texmf-dist/tex/latex/todonotes/todonotes.sty
Package: todonotes 2024/01/05 v1.1.7 Todonotes source and documentation.
Package: todonotes 2024/01/05

(/usr/local/texlive/2026/texmf-dist/tex/generic/pgf/frontendlayer/tikz/librarie
s/tikzlibrarypositioning.code.tex
File: tikzlibrarypositioning.code.tex 2025-08-29 v3.1.11a (3.1.11a)
)
\c@@todonotes@numberoftodonotes=\count358
)
(/usr/local/texlive/2026/texmf-dist/tex/latex/enumitem/enumitem.sty
Package: enumitem 2025/02/06 v3.11 Customized lists
\labelindent=\skip122
\enit@outerparindent=\dimen313
\enit@toks=\toks49
\enit@inbox=\box134
\enit@count@id=\count359
\enitdp@description=\count360
)
(/usr/local/texlive/2026/texmf-dist/tex/latex/tools/xspace.sty
Package: xspace 2014/10/28 v1.13 Space after command names (DPC,MH)
)
(/usr/local/texlive/2026/texmf-dist/tex/latex/hyperref/hyperref.sty
Package: hyperref 2026-01-29 v7.01p Hypertext links for LaTeX

(/usr/local/texlive/2026/texmf-dist/tex/generic/kvdefinekeys/kvdefinekeys.sty
Package: kvdefinekeys 2019-12-19 v1.6 Define keys (HO)
)
(/usr/local/texlive/2026/texmf-dist/tex/generic/pdfescape/pdfescape.sty
Package: pdfescape 2019/12/09 v1.15 Implements pdfTeX's escape features (HO)
)
(/usr/local/texlive/2026/texmf-dist/tex/latex/hycolor/hycolor.sty
Package: hycolor 2020-01-27 v1.10 Color options for hyperref/bookmark (HO)
)
(/usr/local/texlive/2026/texmf-dist/tex/latex/hyperref/nameref.sty
Package: nameref 2026-01-29 v2.58 Cross-referencing by name of section

(/usr/local/texlive/2026/texmf-dist/tex/latex/refcount/refcount.sty
Package: refcount 2019/12/15 v3.6 Data extraction from label references (HO)
)
(/usr/local/texlive/2026/texmf-dist/tex/generic/gettitlestring/gettitlestring.s
ty
Package: gettitlestring 2019/12/15 v1.6 Cleanup title references (HO)
)
\c@section@level=\count361
) (/usr/local/texlive/2026/texmf-dist/tex/generic/stringenc/stringenc.sty
Package: stringenc 2019/11/29 v1.12 Convert strings between diff. encodings (HO
)
)
\@linkdim=\dimen314
\Hy@linkcounter=\count362
\Hy@pagecounter=\count363

(/usr/local/texlive/2026/texmf-dist/tex/latex/hyperref/pd1enc.def
File: pd1enc.def 2026-01-29 v7.01p Hyperref: PDFDocEncoding definition (HO)
)
(/usr/local/texlive/2026/texmf-dist/tex/generic/intcalc/intcalc.sty
Package: intcalc 2019/12/15 v1.3 Expandable calculations with integers (HO)
)
\Hy@SavedSpaceFactor=\count364

(/usr/local/texlive/2026/texmf-dist/tex/latex/hyperref/puenc.def
File: puenc.def 2026-01-29 v7.01p Hyperref: PDF Unicode definition (HO)
)
Package hyperref Info: Option `unicode' set `true' on input line 4072.
Package hyperref Info: Hyper figures OFF on input line 4201.
Package hyperref Info: Link nesting OFF on input line 4206.
Package hyperref Info: Hyper index ON on input line 4209.
Package hyperref Info: Plain pages OFF on input line 4216.
Package hyperref Info: Backreferencing OFF on input line 4221.
Package hyperref Info: Implicit mode ON; LaTeX internals redefined.
Package hyperref Info: Bookmarks ON on input line 4468.
\c@Hy@tempcnt=\count365
LaTeX Info: Redefining \url on input line 4807.
\XeTeXLinkMargin=\dimen315

(/usr/local/texlive/2026/texmf-dist/tex/generic/bitset/bitset.sty
Package: bitset 2019/12/09 v1.3 Handle bit-vector datatype (HO)

(/usr/local/texlive/2026/texmf-dist/tex/generic/bigintcalc/bigintcalc.sty
Package: bigintcalc 2019/12/15 v1.5 Expandable calculations on big integers (HO
)
))
\Fld@menulength=\count366
\Field@Width=\dimen316
\Fld@charsize=\dimen317
Package hyperref Info: Hyper figures OFF on input line 6084.
Package hyperref Info: Link nesting OFF on input line 6089.
Package hyperref Info: Hyper index ON on input line 6092.
Package hyperref Info: backreferencing OFF on input line 6099.
Package hyperref Info: Link coloring OFF on input line 6104.
Package hyperref Info: Link coloring with OCG OFF on input line 6109.
Package hyperref Info: PDF/A mode OFF on input line 6114.
\Hy@abspage=\count367
\c@Item=\count368
\c@Hfootnote=\count369
)
Package hyperref Info: Driver (autodetected): hluatex.

(/usr/local/texlive/2026/texmf-dist/tex/latex/hyperref/hluatex.def
File: hluatex.def 2026-01-29 v7.01p Hyperref driver for luaTeX
\Fld@listcount=\count370
\c@bookmark@seq@number=\count371

(/usr/local/texlive/2026/texmf-dist/tex/latex/rerunfilecheck/rerunfilecheck.sty
Package: rerunfilecheck 2025-06-21 v1.11 Rerun checks for auxiliary files (HO)

(/usr/local/texlive/2026/texmf-dist/tex/generic/uniquecounter/uniquecounter.sty
Package: uniquecounter 2019/12/15 v1.4 Provide unlimited unique counter (HO)
)
Package uniquecounter Info: New unique counter `rerunfilecheck' on input line 2
84.
)
\Hy@SectionHShift=\skip123
)
Package hyperref Info: Option `breaklinks' set `true' on input line 283.
Package hyperref Info: Option `bookmarksopen' set `true' on input line 283.

(/usr/local/texlive/2026/texmf-dist/tex/luatex/luatexja/patches/lltjp-array.sty
Package: lltjp-array 2024-07-21 Patch to array for LuaTeX-ja
)
LaTeX Font Info:    Font shape `JY3/NotoSansCJKJP(0)/m/n' will be
(Font)              scaled to size 9.6222pt on input line 283.

./CV_EN.tex:283: Font \JY3/NotoSansCJKJP(0)/m/n/10=name:Noto Sans CJK JP:mode=no
de;script=hani;language=dflt;jfm=ujis;-kern; at 9.62219pt not loadable: metric d
ata not found or bad.
<to be read again> 
                   relax 
l.283 \begin{document}
                      
I wasn't able to read the size data for this font,
so I will ignore the font specification.
[Wizards can fix TFM files using TFtoPL/PLtoTF.]
You might try inserting a different font spec;
e.g., type `I\font<same font id>=<substitute font name>'.

LaTeX Font Info:    Font shape `JY3/NotoSansCJKJP(0)/m/n' will be
(Font)              scaled to size 9.6222pt on input line 283.
./CV_EN.tex:283: Font \JY3/NotoSansCJKJP(0)/m/n/10=name:Noto Sans CJK JP:mode=no
de;script=hani;language=dflt;jfm=ujis;-kern; at 9.62219pt not loadable: metric d
ata not found or bad.
<to be read again> 
                   relax 
l.283 \begin{document}
                      
I wasn't able to read the size data for this font,
so I will ignore the font specification.
[Wizards can fix TFM files using TFtoPL/PLtoTF.]
You might try inserting a different font spec;
e.g., type `I\font<same font id>=<substitute font name>'.

LaTeX Font Info:    Font shape `JY3/NotoSansCJKJP(0)/m/n' will be
(Font)              scaled to size 9.6222pt on input line 283.
./CV_EN.tex:283: Font \JY3/NotoSansCJKJP(0)/m/n/10=name:Noto Sans CJK JP:mode=no
de;script=hani;language=dflt;jfm=ujis;-kern; at 9.62219pt not loadable: metric d
ata not found or bad.
<to be read again> 
                   relax 
l.283 \begin{document}
                      
I wasn't able to read the size data for this font,
so I will ignore the font specification.
[Wizards can fix TFM files using TFtoPL/PLtoTF.]
You might try inserting a different font spec;
e.g., type `I\font<same font id>=<substitute font name>'.

(./CV_EN.aux)
\openout1 = CV_EN.aux

LaTeX Font Info:    Checking defaults for OML/cmm/m/it on input line 283.
LaTeX Font Info:    ... okay on input line 283.
LaTeX Font Info:    Checking defaults for OMS/cmsy/m/n on input line 283.
LaTeX Font Info:    ... okay on input line 283.
LaTeX Font Info:    Checking defaults for OT1/cmr/m/n on input line 283.
LaTeX Font Info:    ... okay on input line 283.
LaTeX Font Info:    Checking defaults for T1/cmr/m/n on input line 283.
LaTeX Font Info:    ... okay on input line 283.
LaTeX Font Info:    Checking defaults for TS1/cmr/m/n on input line 283.
LaTeX Font Info:    ... okay on input line 283.
LaTeX Font Info:    Checking defaults for TU/lmr/m/n on input line 283.
LaTeX Font Info:    ... okay on input line 283.
LaTeX Font Info:    Checking defaults for OMX/cmex/m/n on input line 283.
LaTeX Font Info:    ... okay on input line 283.
LaTeX Font Info:    Checking defaults for U/cmr/m/n on input line 283.
LaTeX Font Info:    ... okay on input line 283.
LaTeX Font Info:    Checking defaults for JY3/mc/m/n on input line 283.
LaTeX Font Info:    ... okay on input line 283.
LaTeX Font Info:    Checking defaults for JT3/mc/m/n on input line 283.
LaTeX Font Info:    ... okay on input line 283.
LaTeX Font Info:    Checking defaults for PD1/pdf/m/n on input line 283.
LaTeX Font Info:    ... okay on input line 283.
LaTeX Font Info:    Checking defaults for PU/pdf/m/n on input line 283.
LaTeX Font Info:    ... okay on input line 283.
LaTeX Font Info:    Font shape `JY3/NotoSansCJKJP(0)/m/n' will be
(Font)              scaled to size 10.53629pt on input line 283.

./CV_EN.tex:283: Font \JY3/NotoSansCJKJP(0)/m/n/10.95=name:Noto Sans CJK JP:mode
=node;script=hani;language=dflt;jfm=ujis;-kern; at 10.5363pt not loadable: metri
c data not found or bad.
<to be read again> 
                   relax 
l.283 \begin{document}
                      
I wasn't able to read the size data for this font,
so I will ignore the font specification.
[Wizards can fix TFM files using TFtoPL/PLtoTF.]
You might try inserting a different font spec;
e.g., type `I\font<same font id>=<substitute font name>'.

(/usr/local/texlive/2026/texmf-dist/tex/context/base/mkii/supp-pdf.mkii
[Loading MPS to PDF converter (version 2006.09.02).]
\scratchcounter=\count372
\scratchdimen=\dimen318
\scratchbox=\box135
\nofMPsegments=\count373
\nofMParguments=\count374
\everyMPshowfont=\toks50
\MPscratchCnt=\count375
\MPscratchDim=\dimen319
\MPnumerator=\count376
\makeMPintoPDFobject=\count377
\everyMPtoPDFconversion=\toks51
) (/usr/local/texlive/2026/texmf-dist/tex/latex/epstopdf-pkg/epstopdf-base.sty
Package: epstopdf-base 2020-01-24 v2.11 Base part for package epstopdf
Package epstopdf-base Info: Redefining graphics rule for `.eps' on input line 4
85.

(/usr/local/texlive/2026/texmf-dist/tex/latex/latexconfig/epstopdf-sys.cfg
File: epstopdf-sys.cfg 2010/07/13 v1.3 Configuration of (r)epstopdf for TeX Liv
e
))
LaTeX Info: Redefining \microtypecontext on input line 283.
Package microtype Info: Applying patch `item' on input line 283.
Package microtype Info: Applying patch `toc' on input line 283.
Package microtype Info: Applying patch `eqnum' on input line 283.
Package microtype Info: Applying patch `footnote' on input line 283.
Package microtype Info: Applying patch `verbatim' on input line 283.
LaTeX Info: Redefining \microtypesetup on input line 283.
Package microtype Info: Generating PDF output.
Package microtype Info: Character protrusion enabled (level 2).
Package microtype Info: Using default protrusion set `alltext'.
Package microtype Info: Automatic font expansion enabled (level 2),
(microtype)             stretch: 20, shrink: 20, step: 1, non-selected.
Package microtype Info: Using default expansion set `alltext-nott'.
Package microtype Info: Patching command `\showhyphens'.
Package microtype Info: No adjustment of tracking.
Package microtype Info: No adjustment of spacing.
Package microtype Info: No adjustment of kerning.
Package microtype Info: Loading generic protrusion settings for font family
(microtype)             `Arial' (encoding: TU).
(microtype)             For optimal results, create family-specific settings.
(microtype)             See the microtype manual for details.
LaTeX Font Info:    Font shape `JY3/NotoSansCJKJP(0)/m/n' will be
(Font)              scaled to size 10.53629pt on input line 283.

./CV_EN.tex:283: Font \JY3/NotoSansCJKJP(0)/m/n/10.95=name:Noto Sans CJK JP:mode
=node;script=hani;language=dflt;jfm=ujis;-kern; at 10.5363pt not loadable: metri
c data not found or bad.
<to be read again> 
                   relax 
l.283 \begin{document}
                      
I wasn't able to read the size data for this font,
so I will ignore the font specification.
[Wizards can fix TFM files using TFtoPL/PLtoTF.]
You might try inserting a different font spec;
e.g., type `I\font<same font id>=<substitute font name>'.

LaTeX Font Info:    Font shape `JY3/NotoSansCJKJP(0)/m/n' will be
(Font)              scaled to size 10.53629pt on input line 283.
./CV_EN.tex:283: Font \JY3/NotoSansCJKJP(0)/m/n/10.95=name:Noto Sans CJK JP:mode
=node;script=hani;language=dflt;jfm=ujis;-kern; at 10.5363pt not loadable: metri
c data not found or bad.
<to be read again> 
                   relax 
l.283 \begin{document}
                      
I wasn't able to read the size data for this font,
so I will ignore the font specification.
[Wizards can fix TFM files using TFtoPL/PLtoTF.]
You might try inserting a different font spec;
e.g., type `I\font<same font id>=<substitute font name>'.

LaTeX Font Info:    Font shape `JY3/NotoSansCJKJP(0)/m/n' will be
(Font)              scaled to size 10.53629pt on input line 283.
./CV_EN.tex:283: Font \JY3/NotoSansCJKJP(0)/m/n/10.95=name:Noto Sans CJK JP:mode
=node;script=hani;language=dflt;jfm=ujis;-kern; at 10.5363pt not loadable: metri
c data not found or bad.
<to be read again> 
                   relax 
l.283 \begin{document}
                      
I wasn't able to read the size data for this font,
so I will ignore the font specification.
[Wizards can fix TFM files using TFtoPL/PLtoTF.]
You might try inserting a different font spec;
e.g., type `I\font<same font id>=<substitute font name>'.

LaTeX Font Info:    Font shape `JY3/NotoSansCJKJP(0)/m/n' will be
(Font)              scaled to size 10.53629pt on input line 283.
./CV_EN.tex:283: Font \JY3/NotoSansCJKJP(0)/m/n/10.95=name:Noto Sans CJK JP:mode
=node;script=hani;language=dflt;jfm=ujis;-kern; at 10.5363pt not loadable: metri
c data not found or bad.
<to be read again> 
                   relax 
l.283 \begin{document}
                      
I wasn't able to read the size data for this font,
so I will ignore the font specification.
[Wizards can fix TFM files using TFtoPL/PLtoTF.]
You might try inserting a different font spec;
e.g., type `I\font<same font id>=<substitute font name>'.

LaTeX Font Info:    Font shape `JY3/NotoSansCJKJP(0)/m/n' will be
(Font)              scaled to size 10.53629pt on input line 283.
./CV_EN.tex:283: Font \JY3/NotoSansCJKJP(0)/m/n/10.95=name:Noto Sans CJK JP:mode
=node;script=hani;language=dflt;jfm=ujis;-kern; at 10.5363pt not loadable: metri
c data not found or bad.
<to be read again> 
                   relax 
l.283 \begin{document}
                      
I wasn't able to read the size data for this font,
so I will ignore the font specification.
[Wizards can fix TFM files using TFtoPL/PLtoTF.]
You might try inserting a different font spec;
e.g., type `I\font<same font id>=<substitute font name>'.

LaTeX Font Info:    Font shape `JY3/NotoSansCJKJP(0)/m/n' will be
(Font)              scaled to size 10.53629pt on input line 283.
./CV_EN.tex:283: Font \JY3/NotoSansCJKJP(0)/m/n/10.95=name:Noto Sans CJK JP:mode
=node;script=hani;language=dflt;jfm=ujis;-kern; at 10.5363pt not loadable: metri
c data not found or bad.
<to be read again> 
                   relax 
l.283 \begin{document}
                      
I wasn't able to read the size data for this font,
so I will ignore the font specification.
[Wizards can fix TFM files using TFtoPL/PLtoTF.]
You might try inserting a different font spec;
e.g., type `I\font<same font id>=<substitute font name>'.

LaTeX Font Info:    Font shape `JY3/NotoSansCJKJP(0)/m/n' will be
(Font)              scaled to size 10.53629pt on input line 283.
./CV_EN.tex:283: Font \JY3/NotoSansCJKJP(0)/m/n/10.95=name:Noto Sans CJK JP:mode
=node;script=hani;language=dflt;jfm=ujis;-kern; at 10.5363pt not loadable: metri
c data not found or bad.
<to be read again> 
                   relax 
l.283 \begin{document}
                      
I wasn't able to read the size data for this font,
so I will ignore the font specification.
[Wizards can fix TFM files using TFtoPL/PLtoTF.]
You might try inserting a different font spec;
e.g., type `I\font<same font id>=<substitute font name>'.

LaTeX Font Info:    Font shape `JY3/NotoSansCJKJP(0)/m/n' will be
(Font)              scaled to size 10.53629pt on input line 283.
./CV_EN.tex:283: Font \JY3/NotoSansCJKJP(0)/m/n/10.95=name:Noto Sans CJK JP:mode
=node;script=hani;language=dflt;jfm=ujis;-kern; at 10.5363pt not loadable: metri
c data not found or bad.
<to be read again> 
                   relax 
l.283 \begin{document}
                      
I wasn't able to read the size data for this font,
so I will ignore the font specification.
[Wizards can fix TFM files using TFtoPL/PLtoTF.]
You might try inserting a different font spec;
e.g., type `I\font<same font id>=<substitute font name>'.

LaTeX Font Info:    Font shape `JY3/NotoSansCJKJP(0)/m/n' will be
(Font)              scaled to size 10.53629pt on input line 283.
./CV_EN.tex:283: Font \JY3/NotoSansCJKJP(0)/m/n/10.95=name:Noto Sans CJK JP:mode
=node;script=hani;language=dflt;jfm=ujis;-kern; at 10.5363pt not loadable: metri
c data not found or bad.
<to be read again> 
                   relax 
l.283 \begin{document}
                      
I wasn't able to read the size data for this font,
so I will ignore the font specification.
[Wizards can fix TFM files using TFtoPL/PLtoTF.]
You might try inserting a different font spec;
e.g., type `I\font<same font id>=<substitute font name>'.

LaTeX Font Info:    Font shape `JY3/NotoSansCJKJP(0)/m/n' will be
(Font)              scaled to size 10.53629pt on input line 283.
./CV_EN.tex:283: Font \JY3/NotoSansCJKJP(0)/m/n/10.95=name:Noto Sans CJK JP:mode
=node;script=hani;language=dflt;jfm=ujis;-kern; at 10.5363pt not loadable: metri
c data not found or bad.
<to be read again> 
                   relax 
l.283 \begin{document}
                      
I wasn't able to read the size data for this font,
so I will ignore the font specification.
[Wizards can fix TFM files using TFtoPL/PLtoTF.]
You might try inserting a different font spec;
e.g., type `I\font<same font id>=<substitute font name>'.

LaTeX Font Info:    Font shape `JY3/NotoSansCJKJP(0)/m/n' will be
(Font)              scaled to size 10.53629pt on input line 283.
./CV_EN.tex:283: Font \JY3/NotoSansCJKJP(0)/m/n/10.95=name:Noto Sans CJK JP:mode
=node;script=hani;language=dflt;jfm=ujis;-kern; at 10.5363pt not loadable: metri
c data not found or bad.
<to be read again> 
                   relax 
l.283 \begin{document}
                      
I wasn't able to read the size data for this font,
so I will ignore the font specification.
[Wizards can fix TFM files using TFtoPL/PLtoTF.]
You might try inserting a different font spec;
e.g., type `I\font<same font id>=<substitute font name>'.

LaTeX Font Info:    Font shape `JY3/NotoSansCJKJP(0)/m/n' will be
(Font)              scaled to size 10.53629pt on input line 283.
./CV_EN.tex:283: Font \JY3/NotoSansCJKJP(0)/m/n/10.95=name:Noto Sans CJK JP:mode
=node;script=hani;language=dflt;jfm=ujis;-kern; at 10.5363pt not loadable: metri
c data not found or bad.
<to be read again> 
                   relax 
l.283 \begin{document}
                      
I wasn't able to read the size data for this font,
so I will ignore the font specification.
[Wizards can fix TFM files using TFtoPL/PLtoTF.]
You might try inserting a different font spec;
e.g., type `I\font<same font id>=<substitute font name>'.

LaTeX Font Info:    Font shape `JY3/NotoSansCJKJP(0)/m/n' will be
(Font)              scaled to size 10.53629pt on input line 283.
./CV_EN.tex:283: Font \JY3/NotoSansCJKJP(0)/m/n/10.95=name:Noto Sans CJK JP:mode
=node;script=hani;language=dflt;jfm=ujis;-kern; at 10.5363pt not loadable: metri
c data not found or bad.
<to be read again> 
                   relax 
l.283 \begin{document}
                      
I wasn't able to read the size data for this font,
so I will ignore the font specification.
[Wizards can fix TFM files using TFtoPL/PLtoTF.]
You might try inserting a different font spec;
e.g., type `I\font<same font id>=<substitute font name>'.

LaTeX Font Info:    Font shape `JY3/NotoSansCJKJP(0)/m/n' will be
(Font)              scaled to size 10.53629pt on input line 283.
./CV_EN.tex:283: Font \JY3/NotoSansCJKJP(0)/m/n/10.95=name:Noto Sans CJK JP:mode
=node;script=hani;language=dflt;jfm=ujis;-kern; at 10.5363pt not loadable: metri
c data not found or bad.
<to be read again> 
                   relax 
l.283 \begin{document}
                      
I wasn't able to read the size data for this font,
so I will ignore the font specification.
[Wizards can fix TFM files using TFtoPL/PLtoTF.]
You might try inserting a different font spec;
e.g., type `I\font<same font id>=<substitute font name>'.

LaTeX Font Info:    Font shape `JY3/NotoSansCJKJP(0)/m/n' will be
(Font)              scaled to size 10.53629pt on input line 283.
./CV_EN.tex:283: Font \JY3/NotoSansCJKJP(0)/m/n/10.95=name:Noto Sans CJK JP:mode
=node;script=hani;language=dflt;jfm=ujis;-kern; at 10.5363pt not loadable: metri
c data not found or bad.
<to be read again> 
                   relax 
l.283 \begin{document}
                      
I wasn't able to read the size data for this font,
so I will ignore the font specification.
[Wizards can fix TFM files using TFtoPL/PLtoTF.]
You might try inserting a different font spec;
e.g., type `I\font<same font id>=<substitute font name>'.

LaTeX Font Info:    Font shape `JY3/NotoSansCJKJP(0)/m/n' will be
(Font)              scaled to size 10.53629pt on input line 283.
./CV_EN.tex:283: Font \JY3/NotoSansCJKJP(0)/m/n/10.95=name:Noto Sans CJK JP:mode
=node;script=hani;language=dflt;jfm=ujis;-kern; at 10.5363pt not loadable: metri
c data not found or bad.
<to be read again> 
                   relax 
l.283 \begin{document}
                      
I wasn't able to read the size data for this font,
so I will ignore the font specification.
[Wizards can fix TFM files using TFtoPL/PLtoTF.]
You might try inserting a different font spec;
e.g., type `I\font<same font id>=<substitute font name>'.

LaTeX Font Info:    Font shape `JY3/NotoSansCJKJP(0)/m/n' will be
(Font)              scaled to size 10.53629pt on input line 283.
./CV_EN.tex:283: Font \JY3/NotoSansCJKJP(0)/m/n/10.95=name:Noto Sans CJK JP:mode
=node;script=hani;language=dflt;jfm=ujis;-kern; at 10.5363pt not loadable: metri
c data not found or bad.
<to be read again> 
                   relax 
l.283 \begin{document}
                      
I wasn't able to read the size data for this font,
so I will ignore the font specification.
[Wizards can fix TFM files using TFtoPL/PLtoTF.]
You might try inserting a different font spec;
e.g., type `I\font<same font id>=<substitute font name>'.

LaTeX Font Info:    Font shape `JY3/NotoSansCJKJP(0)/m/n' will be
(Font)              scaled to size 10.53629pt on input line 283.
./CV_EN.tex:283: Font \JY3/NotoSansCJKJP(0)/m/n/10.95=name:Noto Sans CJK JP:mode
=node;script=hani;language=dflt;jfm=ujis;-kern; at 10.5363pt not loadable: metri
c data not found or bad.
<to be read again> 
                   relax 
l.283 \begin{document}
                      
I wasn't able to read the size data for this font,
so I will ignore the font specification.
[Wizards can fix TFM files using TFtoPL/PLtoTF.]
You might try inserting a different font spec;
e.g., type `I\font<same font id>=<substitute font name>'.

LaTeX Font Info:    Font shape `JY3/NotoSansCJKJP(0)/m/n' will be
(Font)              scaled to size 10.53629pt on input line 283.
./CV_EN.tex:283: Font \JY3/NotoSansCJKJP(0)/m/n/10.95=name:Noto Sans CJK JP:mode
=node;script=hani;language=dflt;jfm=ujis;-kern; at 10.5363pt not loadable: metri
c data not found or bad.
<to be read again> 
                   relax 
l.283 \begin{document}
                      
I wasn't able to read the size data for this font,
so I will ignore the font specification.
[Wizards can fix TFM files using TFtoPL/PLtoTF.]
You might try inserting a different font spec;
e.g., type `I\font<same font id>=<substitute font name>'.

LaTeX Font Info:    Font shape `JY3/NotoSansCJKJP(0)/m/n' will be
(Font)              scaled to size 10.53629pt on input line 283.
./CV_EN.tex:283: Font \JY3/NotoSansCJKJP(0)/m/n/10.95=name:Noto Sans CJK JP:mode
=node;script=hani;language=dflt;jfm=ujis;-kern; at 10.5363pt not loadable: metri
c data not found or bad.
<to be read again> 
                   relax 
l.283 \begin{document}
                      
I wasn't able to read the size data for this font,
so I will ignore the font specification.
[Wizards can fix TFM files using TFtoPL/PLtoTF.]
You might try inserting a different font spec;
e.g., type `I\font<same font id>=<substitute font name>'.

LaTeX Font Info:    Font shape `JY3/NotoSansCJKJP(0)/m/n' will be
(Font)              scaled to size 10.53629pt on input line 283.
./CV_EN.tex:283: Font \JY3/NotoSansCJKJP(0)/m/n/10.95=name:Noto Sans CJK JP:mode
=node;script=hani;language=dflt;jfm=ujis;-kern; at 10.5363pt not loadable: metri
c data not found or bad.
<to be read again> 
                   relax 
l.283 \begin{document}
                      
I wasn't able to read the size data for this font,
so I will ignore the font specification.
[Wizards can fix TFM files using TFtoPL/PLtoTF.]
You might try inserting a different font spec;
e.g., type `I\font<same font id>=<substitute font name>'.

LaTeX Font Info:    Font shape `JY3/NotoSansCJKJP(0)/m/n' will be
(Font)              scaled to size 10.53629pt on input line 283.
./CV_EN.tex:283: Font \JY3/NotoSansCJKJP(0)/m/n/10.95=name:Noto Sans CJK JP:mode
=node;script=hani;language=dflt;jfm=ujis;-kern; at 10.5363pt not loadable: metri
c data not found or bad.
<to be read again> 
                   relax 
l.283 \begin{document}
                      
I wasn't able to read the size data for this font,
so I will ignore the font specification.
[Wizards can fix TFM files using TFtoPL/PLtoTF.]
You might try inserting a different font spec;
e.g., type `I\font<same font id>=<substitute font name>'.

LaTeX Font Info:    Font shape `JY3/NotoSansCJKJP(0)/m/n' will be
(Font)              scaled to size 10.53629pt on input line 283.
./CV_EN.tex:283: Font \JY3/NotoSansCJKJP(0)/m/n/10.95=name:Noto Sans CJK JP:mode
=node;script=hani;language=dflt;jfm=ujis;-kern; at 10.5363pt not loadable: metri
c data not found or bad.
<to be read again> 
                   relax 
l.283 \begin{document}
                      
I wasn't able to read the size data for this font,
so I will ignore the font specification.
[Wizards can fix TFM files using TFtoPL/PLtoTF.]
You might try inserting a different font spec;
e.g., type `I\font<same font id>=<substitute font name>'.

LaTeX Font Info:    Font shape `JY3/NotoSansCJKJP(0)/m/n' will be
(Font)              scaled to size 10.53629pt on input line 283.
./CV_EN.tex:283: Font \JY3/NotoSansCJKJP(0)/m/n/10.95=name:Noto Sans CJK JP:mode
=node;script=hani;language=dflt;jfm=ujis;-kern; at 10.5363pt not loadable: metri
c data not found or bad.
<to be read again> 
                   relax 
l.283 \begin{document}
                      
I wasn't able to read the size data for this font,
so I will ignore the font specification.
[Wizards can fix TFM files using TFtoPL/PLtoTF.]
You might try inserting a different font spec;
e.g., type `I\font<same font id>=<substitute font name>'.

LaTeX Font Info:    Font shape `JY3/NotoSansCJKJP(0)/m/n' will be
(Font)              scaled to size 10.53629pt on input line 283.
./CV_EN.tex:283: Font \JY3/NotoSansCJKJP(0)/m/n/10.95=name:Noto Sans CJK JP:mode
=node;script=hani;language=dflt;jfm=ujis;-kern; at 10.5363pt not loadable: metri
c data not found or bad.
<to be read again> 
                   relax 
l.283 \begin{document}
                      
I wasn't able to read the size data for this font,
so I will ignore the font specification.
[Wizards can fix TFM files using TFtoPL/PLtoTF.]
You might try inserting a different font spec;
e.g., type `I\font<same font id>=<substitute font name>'.

LaTeX Font Info:    Font shape `JY3/NotoSansCJKJP(0)/m/n' will be
(Font)              scaled to size 10.53629pt on input line 283.
./CV_EN.tex:283: Font \JY3/NotoSansCJKJP(0)/m/n/10.95=name:Noto Sans CJK JP:mode
=node;script=hani;language=dflt;jfm=ujis;-kern; at 10.5363pt not loadable: metri
c data not found or bad.
<to be read again> 
                   relax 
l.283 \begin{document}
                      
I wasn't able to read the size data for this font,
so I will ignore the font specification.
[Wizards can fix TFM files using TFtoPL/PLtoTF.]
You might try inserting a different font spec;
e.g., type `I\font<same font id>=<substitute font name>'.

LaTeX Font Info:    Font shape `JY3/NotoSansCJKJP(0)/m/n' will be
(Font)              scaled to size 10.53629pt on input line 283.
./CV_EN.tex:283: Font \JY3/NotoSansCJKJP(0)/m/n/10.95=name:Noto Sans CJK JP:mode
=node;script=hani;language=dflt;jfm=ujis;-kern; at 10.5363pt not loadable: metri
c data not found or bad.
<to be read again> 
                   relax 
l.283 \begin{document}
                      
I wasn't able to read the size data for this font,
so I will ignore the font specification.
[Wizards can fix TFM files using TFtoPL/PLtoTF.]
You might try inserting a different font spec;
e.g., type `I\font<same font id>=<substitute font name>'.

LaTeX Font Info:    Font shape `JY3/NotoSansCJKJP(0)/m/n' will be
(Font)              scaled to size 10.53629pt on input line 283.
./CV_EN.tex:283: Font \JY3/NotoSansCJKJP(0)/m/n/10.95=name:Noto Sans CJK JP:mode
=node;script=hani;language=dflt;jfm=ujis;-kern; at 10.5363pt not loadable: metri
c data not found or bad.
<to be read again> 
                   relax 
l.283 \begin{document}
                      
I wasn't able to read the size data for this font,
so I will ignore the font specification.
[Wizards can fix TFM files using TFtoPL/PLtoTF.]
You might try inserting a different font spec;
e.g., type `I\font<same font id>=<substitute font name>'.

LaTeX Font Info:    Font shape `JY3/NotoSansCJKJP(0)/m/n' will be
(Font)              scaled to size 10.53629pt on input line 283.
./CV_EN.tex:283: Font \JY3/NotoSansCJKJP(0)/m/n/10.95=name:Noto Sans CJK JP:mode
=node;script=hani;language=dflt;jfm=ujis;-kern; at 10.5363pt not loadable: metri
c data not found or bad.
<to be read again> 
                   relax 
l.283 \begin{document}
                      
I wasn't able to read the size data for this font,
so I will ignore the font specification.
[Wizards can fix TFM files using TFtoPL/PLtoTF.]
You might try inserting a different font spec;
e.g., type `I\font<same font id>=<substitute font name>'.

LaTeX Font Info:    Font shape `JY3/NotoSansCJKJP(0)/m/n' will be
(Font)              scaled to size 10.53629pt on input line 283.
./CV_EN.tex:283: Font \JY3/NotoSansCJKJP(0)/m/n/10.95=name:Noto Sans CJK JP:mode
=node;script=hani;language=dflt;jfm=ujis;-kern; at 10.5363pt not loadable: metri
c data not found or bad.
<to be read again> 
                   relax 
l.283 \begin{document}
                      
I wasn't able to read the size data for this font,
so I will ignore the font specification.
[Wizards can fix TFM files using TFtoPL/PLtoTF.]
You might try inserting a different font spec;
e.g., type `I\font<same font id>=<substitute font name>'.

LaTeX Font Info:    Font shape `JY3/NotoSansCJKJP(0)/m/n' will be
(Font)              scaled to size 10.53629pt on input line 283.
./CV_EN.tex:283: Font \JY3/NotoSansCJKJP(0)/m/n/10.95=name:Noto Sans CJK JP:mode
=node;script=hani;language=dflt;jfm=ujis;-kern; at 10.5363pt not loadable: metri
c data not found or bad.
<to be read again> 
                   relax 
l.283 \begin{document}
                      
I wasn't able to read the size data for this font,
so I will ignore the font specification.
[Wizards can fix TFM files using TFtoPL/PLtoTF.]
You might try inserting a different font spec;
e.g., type `I\font<same font id>=<substitute font name>'.

LaTeX Font Info:    Font shape `JY3/NotoSansCJKJP(0)/m/n' will be
(Font)              scaled to size 10.53629pt on input line 283.
./CV_EN.tex:283: Font \JY3/NotoSansCJKJP(0)/m/n/10.95=name:Noto Sans CJK JP:mode
=node;script=hani;language=dflt;jfm=ujis;-kern; at 10.5363pt not loadable: metri
c data not found or bad.
<to be read again> 
                   relax 
l.283 \begin{document}
                      
I wasn't able to read the size data for this font,
so I will ignore the font specification.
[Wizards can fix TFM files using TFtoPL/PLtoTF.]
You might try inserting a different font spec;
e.g., type `I\font<same font id>=<substitute font name>'.

LaTeX Font Info:    Font shape `JY3/NotoSansCJKJP(0)/m/n' will be
(Font)              scaled to size 10.53629pt on input line 283.
./CV_EN.tex:283: Font \JY3/NotoSansCJKJP(0)/m/n/10.95=name:Noto Sans CJK JP:mode
=node;script=hani;language=dflt;jfm=ujis;-kern; at 10.5363pt not loadable: metri
c data not found or bad.
<to be read again> 
                   relax 
l.283 \begin{document}
                      
I wasn't able to read the size data for this font,
so I will ignore the font specification.
[Wizards can fix TFM files using TFtoPL/PLtoTF.]
You might try inserting a different font spec;
e.g., type `I\font<same font id>=<substitute font name>'.

LaTeX Font Info:    Font shape `JY3/NotoSansCJKJP(0)/m/n' will be
(Font)              scaled to size 10.53629pt on input line 283.
./CV_EN.tex:283: Font \JY3/NotoSansCJKJP(0)/m/n/10.95=name:Noto Sans CJK JP:mode
=node;script=hani;language=dflt;jfm=ujis;-kern; at 10.5363pt not loadable: metri
c data not found or bad.
<to be read again> 
                   relax 
l.283 \begin{document}
                      
I wasn't able to read the size data for this font,
so I will ignore the font specification.
[Wizards can fix TFM files using TFtoPL/PLtoTF.]
You might try inserting a different font spec;
e.g., type `I\font<same font id>=<substitute font name>'.

LaTeX Font Info:    Font shape `JY3/NotoSansCJKJP(0)/m/n' will be
(Font)              scaled to size 10.53629pt on input line 283.
./CV_EN.tex:283: Font \JY3/NotoSansCJKJP(0)/m/n/10.95=name:Noto Sans CJK JP:mode
=node;script=hani;language=dflt;jfm=ujis;-kern; at 10.5363pt not loadable: metri
c data not found or bad.
<to be read again> 
                   relax 
l.283 \begin{document}
                      
I wasn't able to read the size data for this font,
so I will ignore the font specification.
[Wizards can fix TFM files using TFtoPL/PLtoTF.]
You might try inserting a different font spec;
e.g., type `I\font<same font id>=<substitute font name>'.

LaTeX Font Info:    Font shape `JY3/NotoSansCJKJP(0)/m/n' will be
(Font)              scaled to size 10.53629pt on input line 283.
./CV_EN.tex:283: Font \JY3/NotoSansCJKJP(0)/m/n/10.95=name:Noto Sans CJK JP:mode
=node;script=hani;language=dflt;jfm=ujis;-kern; at 10.5363pt not loadable: metri
c data not found or bad.
<to be read again> 
                   relax 
l.283 \begin{document}
                      
I wasn't able to read the size data for this font,
so I will ignore the font specification.
[Wizards can fix TFM files using TFtoPL/PLtoTF.]
You might try inserting a different font spec;
e.g., type `I\font<same font id>=<substitute font name>'.

LaTeX Font Info:    Font shape `JY3/NotoSansCJKJP(0)/m/n' will be
(Font)              scaled to size 10.53629pt on input line 283.
./CV_EN.tex:283: Font \JY3/NotoSansCJKJP(0)/m/n/10.95=name:Noto Sans CJK JP:mode
=node;script=hani;language=dflt;jfm=ujis;-kern; at 10.5363pt not loadable: metri
c data not found or bad.
<to be read again> 
                   relax 
l.283 \begin{document}
                      
I wasn't able to read the size data for this font,
so I will ignore the font specification.
[Wizards can fix TFM files using TFtoPL/PLtoTF.]
You might try inserting a different font spec;
e.g., type `I\font<same font id>=<substitute font name>'.

LaTeX Font Info:    Font shape `JY3/NotoSansCJKJP(0)/m/n' will be
(Font)              scaled to size 10.53629pt on input line 283.
./CV_EN.tex:283: Font \JY3/NotoSansCJKJP(0)/m/n/10.95=name:Noto Sans CJK JP:mode
=node;script=hani;language=dflt;jfm=ujis;-kern; at 10.5363pt not loadable: metri
c data not found or bad.
<to be read again> 
                   relax 
l.283 \begin{document}
                      
I wasn't able to read the size data for this font,
so I will ignore the font specification.
[Wizards can fix TFM files using TFtoPL/PLtoTF.]
You might try inserting a different font spec;
e.g., type `I\font<same font id>=<substitute font name>'.

LaTeX Font Info:    Font shape `JY3/NotoSansCJKJP(0)/m/n' will be
(Font)              scaled to size 10.53629pt on input line 283.
./CV_EN.tex:283: Font \JY3/NotoSansCJKJP(0)/m/n/10.95=name:Noto Sans CJK JP:mode
=node;script=hani;language=dflt;jfm=ujis;-kern; at 10.5363pt not loadable: metri
c data not found or bad.
<to be read again> 
                   relax 
l.283 \begin{document}
                      
I wasn't able to read the size data for this font,
so I will ignore the font specification.
[Wizards can fix TFM files using TFtoPL/PLtoTF.]
You might try inserting a different font spec;
e.g., type `I\font<same font id>=<substitute font name>'.

LaTeX Font Info:    Font shape `JY3/NotoSansCJKJP(0)/m/n' will be
(Font)              scaled to size 10.53629pt on input line 283.
./CV_EN.tex:283: Font \JY3/NotoSansCJKJP(0)/m/n/10.95=name:Noto Sans CJK JP:mode
=node;script=hani;language=dflt;jfm=ujis;-kern; at 10.5363pt not loadable: metri
c data not found or bad.
<to be read again> 
                   relax 
l.283 \begin{document}
                      
I wasn't able to read the size data for this font,
so I will ignore the font specification.
[Wizards can fix TFM files using TFtoPL/PLtoTF.]
You might try inserting a different font spec;
e.g., type `I\font<same font id>=<substitute font name>'.

LaTeX Font Info:    Font shape `JY3/NotoSansCJKJP(0)/m/n' will be
(Font)              scaled to size 10.53629pt on input line 283.
./CV_EN.tex:283: Font \JY3/NotoSansCJKJP(0)/m/n/10.95=name:Noto Sans CJK JP:mode
=node;script=hani;language=dflt;jfm=ujis;-kern; at 10.5363pt not loadable: metri
c data not found or bad.
<to be read again> 
                   relax 
l.283 \begin{document}
                      
I wasn't able to read the size data for this font,
so I will ignore the font specification.
[Wizards can fix TFM files using TFtoPL/PLtoTF.]
You might try inserting a different font spec;
e.g., type `I\font<same font id>=<substitute font name>'.

LaTeX Font Info:    Font shape `JY3/NotoSansCJKJP(0)/m/n' will be
(Font)              scaled to size 10.53629pt on input line 283.
./CV_EN.tex:283: Font \JY3/NotoSansCJKJP(0)/m/n/10.95=name:Noto Sans CJK JP:mode
=node;script=hani;language=dflt;jfm=ujis;-kern; at 10.5363pt not loadable: metri
c data not found or bad.
<to be read again> 
                   relax 
l.283 \begin{document}
                      
I wasn't able to read the size data for this font,
so I will ignore the font specification.
[Wizards can fix TFM files using TFtoPL/PLtoTF.]
You might try inserting a different font spec;
e.g., type `I\font<same font id>=<substitute font name>'.

LaTeX Font Info:    Font shape `JY3/NotoSansCJKJP(0)/m/n' will be
(Font)              scaled to size 10.53629pt on input line 283.
./CV_EN.tex:283: Font \JY3/NotoSansCJKJP(0)/m/n/10.95=name:Noto Sans CJK JP:mode
=node;script=hani;language=dflt;jfm=ujis;-kern; at 10.5363pt not loadable: metri
c data not found or bad.
<to be read again> 
                   relax 
l.283 \begin{document}
                      
I wasn't able to read the size data for this font,
so I will ignore the font specification.
[Wizards can fix TFM files using TFtoPL/PLtoTF.]
You might try inserting a different font spec;
e.g., type `I\font<same font id>=<substitute font name>'.

LaTeX Font Info:    Font shape `JY3/NotoSansCJKJP(0)/m/n' will be
(Font)              scaled to size 10.53629pt on input line 283.
./CV_EN.tex:283: Font \JY3/NotoSansCJKJP(0)/m/n/10.95=name:Noto Sans CJK JP:mode
=node;script=hani;language=dflt;jfm=ujis;-kern; at 10.5363pt not loadable: metri
c data not found or bad.
<to be read again> 
                   relax 
l.283 \begin{document}
                      
I wasn't able to read the size data for this font,
so I will ignore the font specification.
[Wizards can fix TFM files using TFtoPL/PLtoTF.]
You might try inserting a different font spec;
e.g., type `I\font<same font id>=<substitute font name>'.

LaTeX Font Info:    Font shape `JY3/NotoSansCJKJP(0)/m/n' will be
(Font)              scaled to size 10.53629pt on input line 283.
./CV_EN.tex:283: Font \JY3/NotoSansCJKJP(0)/m/n/10.95=name:Noto Sans CJK JP:mode
=node;script=hani;language=dflt;jfm=ujis;-kern; at 10.5363pt not loadable: metri
c data not found or bad.
<to be read again> 
                   relax 
l.283 \begin{document}
                      
I wasn't able to read the size data for this font,
so I will ignore the font specification.
[Wizards can fix TFM files using TFtoPL/PLtoTF.]
You might try inserting a different font spec;
e.g., type `I\font<same font id>=<substitute font name>'.

LaTeX Font Info:    Font shape `JY3/NotoSansCJKJP(0)/m/n' will be
(Font)              scaled to size 10.53629pt on input line 283.
./CV_EN.tex:283: Font \JY3/NotoSansCJKJP(0)/m/n/10.95=name:Noto Sans CJK JP:mode
=node;script=hani;language=dflt;jfm=ujis;-kern; at 10.5363pt not loadable: metri
c data not found or bad.
<to be read again> 
                   relax 
l.283 \begin{document}
                      
I wasn't able to read the size data for this font,
so I will ignore the font specification.
[Wizards can fix TFM files using TFtoPL/PLtoTF.]
You might try inserting a different font spec;
e.g., type `I\font<same font id>=<substitute font name>'.

LaTeX Font Info:    Font shape `JY3/NotoSansCJKJP(0)/m/n' will be
(Font)              scaled to size 10.53629pt on input line 283.
./CV_EN.tex:283: Font \JY3/NotoSansCJKJP(0)/m/n/10.95=name:Noto Sans CJK JP:mode
=node;script=hani;language=dflt;jfm=ujis;-kern; at 10.5363pt not loadable: metri
c data not found or bad.
<to be read again> 
                   relax 
l.283 \begin{document}
                      
I wasn't able to read the size data for this font,
so I will ignore the font specification.
[Wizards can fix TFM files using TFtoPL/PLtoTF.]
You might try inserting a different font spec;
e.g., type `I\font<same font id>=<substitute font name>'.

LaTeX Font Info:    Font shape `JY3/NotoSansCJKJP(0)/m/n' will be
(Font)              scaled to size 10.53629pt on input line 283.
./CV_EN.tex:283: Font \JY3/NotoSansCJKJP(0)/m/n/10.95=name:Noto Sans CJK JP:mode
=node;script=hani;language=dflt;jfm=ujis;-kern; at 10.5363pt not loadable: metri
c data not found or bad.
<to be read again> 
                   relax 
l.283 \begin{document}
                      
I wasn't able to read the size data for this font,
so I will ignore the font specification.
[Wizards can fix TFM files using TFtoPL/PLtoTF.]
You might try inserting a different font spec;
e.g., type `I\font<same font id>=<substitute font name>'.

LaTeX Font Info:    Font shape `JY3/NotoSansCJKJP(0)/m/n' will be
(Font)              scaled to size 10.53629pt on input line 283.
./CV_EN.tex:283: Font \JY3/NotoSansCJKJP(0)/m/n/10.95=name:Noto Sans CJK JP:mode
=node;script=hani;language=dflt;jfm=ujis;-kern; at 10.5363pt not loadable: metri
c data not found or bad.
<to be read again> 
                   relax 
l.283 \begin{document}
                      
I wasn't able to read the size data for this font,
so I will ignore the font specification.
[Wizards can fix TFM files using TFtoPL/PLtoTF.]
You might try inserting a different font spec;
e.g., type `I\font<same font id>=<substitute font name>'.

LaTeX Font Info:    Font shape `JY3/NotoSansCJKJP(0)/m/n' will be
(Font)              scaled to size 10.53629pt on input line 283.
./CV_EN.tex:283: Font \JY3/NotoSansCJKJP(0)/m/n/10.95=name:Noto Sans CJK JP:mode
=node;script=hani;language=dflt;jfm=ujis;-kern; at 10.5363pt not loadable: metri
c data not found or bad.
<to be read again> 
                   relax 
l.283 \begin{document}
                      
I wasn't able to read the size data for this font,
so I will ignore the font specification.
[Wizards can fix TFM files using TFtoPL/PLtoTF.]
You might try inserting a different font spec;
e.g., type `I\font<same font id>=<substitute font name>'.

LaTeX Font Info:    Font shape `JY3/NotoSansCJKJP(0)/m/n' will be
(Font)              scaled to size 10.53629pt on input line 283.
./CV_EN.tex:283: Font \JY3/NotoSansCJKJP(0)/m/n/10.95=name:Noto Sans CJK JP:mode
=node;script=hani;language=dflt;jfm=ujis;-kern; at 10.5363pt not loadable: metri
c data not found or bad.
<to be read again> 
                   relax 
l.283 \begin{document}
                      
I wasn't able to read the size data for this font,
so I will ignore the font specification.
[Wizards can fix TFM files using TFtoPL/PLtoTF.]
You might try inserting a different font spec;
e.g., type `I\font<same font id>=<substitute font name>'.

LaTeX Font Info:    Font shape `JY3/NotoSansCJKJP(0)/m/n' will be
(Font)              scaled to size 10.53629pt on input line 283.
./CV_EN.tex:283: Font \JY3/NotoSansCJKJP(0)/m/n/10.95=name:Noto Sans CJK JP:mode
=node;script=hani;language=dflt;jfm=ujis;-kern; at 10.5363pt not loadable: metri
c data not found or bad.
<to be read again> 
                   relax 
l.283 \begin{document}
                      
I wasn't able to read the size data for this font,
so I will ignore the font specification.
[Wizards can fix TFM files using TFtoPL/PLtoTF.]
You might try inserting a different font spec;
e.g., type `I\font<same font id>=<substitute font name>'.

LaTeX Font Info:    Font shape `JY3/NotoSansCJKJP(0)/m/n' will be
(Font)              scaled to size 10.53629pt on input line 283.
./CV_EN.tex:283: Font \JY3/NotoSansCJKJP(0)/m/n/10.95=name:Noto Sans CJK JP:mode
=node;script=hani;language=dflt;jfm=ujis;-kern; at 10.5363pt not loadable: metri
c data not found or bad.
<to be read again> 
                   relax 
l.283 \begin{document}
                      
I wasn't able to read the size data for this font,
so I will ignore the font specification.
[Wizards can fix TFM files using TFtoPL/PLtoTF.]
You might try inserting a different font spec;
e.g., type `I\font<same font id>=<substitute font name>'.

LaTeX Font Info:    Font shape `JY3/NotoSansCJKJP(0)/m/n' will be
(Font)              scaled to size 10.53629pt on input line 283.
./CV_EN.tex:283: Font \JY3/NotoSansCJKJP(0)/m/n/10.95=name:Noto Sans CJK JP:mode
=node;script=hani;language=dflt;jfm=ujis;-kern; at 10.5363pt not loadable: metri
c data not found or bad.
<to be read again> 
                   relax 
l.283 \begin{document}
                      
I wasn't able to read the size data for this font,
so I will ignore the font specification.
[Wizards can fix TFM files using TFtoPL/PLtoTF.]
You might try inserting a different font spec;
e.g., type `I\font<same font id>=<substitute font name>'.

LaTeX Font Info:    Font shape `JY3/NotoSansCJKJP(0)/m/n' will be
(Font)              scaled to size 10.53629pt on input line 283.
./CV_EN.tex:283: Font \JY3/NotoSansCJKJP(0)/m/n/10.95=name:Noto Sans CJK JP:mode
=node;script=hani;language=dflt;jfm=ujis;-kern; at 10.5363pt not loadable: metri
c data not found or bad.
<to be read again> 
                   relax 
l.283 \begin{document}
                      
I wasn't able to read the size data for this font,
so I will ignore the font specification.
[Wizards can fix TFM files using TFtoPL/PLtoTF.]
You might try inserting a different font spec;
e.g., type `I\font<same font id>=<substitute font name>'.

LaTeX Font Info:    Font shape `JY3/NotoSansCJKJP(0)/m/n' will be
(Font)              scaled to size 10.53629pt on input line 283.
./CV_EN.tex:283: Font \JY3/NotoSansCJKJP(0)/m/n/10.95=name:Noto Sans CJK JP:mode
=node;script=hani;language=dflt;jfm=ujis;-kern; at 10.5363pt not loadable: metri
c data not found or bad.
<to be read again> 
                   relax 
l.283 \begin{document}
                      
I wasn't able to read the size data for this font,
so I will ignore the font specification.
[Wizards can fix TFM files using TFtoPL/PLtoTF.]
You might try inserting a different font spec;
e.g., type `I\font<same font id>=<substitute font name>'.

LaTeX Font Info:    Font shape `JY3/NotoSansCJKJP(0)/m/n' will be
(Font)              scaled to size 10.53629pt on input line 283.
./CV_EN.tex:283: Font \JY3/NotoSansCJKJP(0)/m/n/10.95=name:Noto Sans CJK JP:mode
=node;script=hani;language=dflt;jfm=ujis;-kern; at 10.5363pt not loadable: metri
c data not found or bad.
<to be read again> 
                   relax 
l.283 \begin{document}
                      
I wasn't able to read the size data for this font,
so I will ignore the font specification.
[Wizards can fix TFM files using TFtoPL/PLtoTF.]
You might try inserting a different font spec;
e.g., type `I\font<same font id>=<substitute font name>'.


Package fontspec Info: 
(fontspec)             Adjusting the maths setup (use [no-math] to avoid
(fontspec)             this).

\symlegacymaths=\mathgroup5
LaTeX Font Info:    Overwriting symbol font `legacymaths' in version `bold'
(Font)                  OT1/cmr/m/n --> OT1/cmr/bx/n on input line 283.
LaTeX Font Info:    Redeclaring math accent \acute on input line 283.
LaTeX Font Info:    Redeclaring math accent \grave on input line 283.
LaTeX Font Info:    Redeclaring math accent \ddot on input line 283.
LaTeX Font Info:    Redeclaring math accent \tilde on input line 283.
LaTeX Font Info:    Redeclaring math accent \bar on input line 283.
LaTeX Font Info:    Redeclaring math accent \breve on input line 283.
LaTeX Font Info:    Redeclaring math accent \check on input line 283.
LaTeX Font Info:    Redeclaring math accent \hat on input line 283.
LaTeX Font Info:    Redeclaring math accent \dot on input line 283.
LaTeX Font Info:    Redeclaring math accent \mathring on input line 283.
LaTeX Font Info:    Redeclaring math symbol \colon on input line 283.
LaTeX Font Info:    Redeclaring math symbol \Gamma on input line 283.
LaTeX Font Info:    Redeclaring math symbol \Delta on input line 283.
LaTeX Font Info:    Redeclaring math symbol \Theta on input line 283.
LaTeX Font Info:    Redeclaring math symbol \Lambda on input line 283.
LaTeX Font Info:    Redeclaring math symbol \Xi on input line 283.
LaTeX Font Info:    Redeclaring math symbol \Pi on input line 283.
LaTeX Font Info:    Redeclaring math symbol \Sigma on input line 283.
LaTeX Font Info:    Redeclaring math symbol \Upsilon on input line 283.
LaTeX Font Info:    Redeclaring math symbol \Phi on input line 283.
LaTeX Font Info:    Redeclaring math symbol \Psi on input line 283.
LaTeX Font Info:    Redeclaring math symbol \Omega on input line 283.
LaTeX Font Info:    Redeclaring math symbol \mathdollar on input line 283.
LaTeX Font Info:    Redeclaring symbol font `operators' on input line 283.
LaTeX Font Info:    Encoding `OT1' has changed to `TU' for symbol font
(Font)              `operators' in the math version `normal' on input line 283.

LaTeX Font Info:    Overwriting symbol font `operators' in version `normal'
(Font)                  OT1/cmr/m/n --> TU/Arial(0)/m/n on input line 283.
LaTeX Font Info:    Encoding `OT1' has changed to `TU' for symbol font
(Font)              `operators' in the math version `bold' on input line 283.
LaTeX Font Info:    Overwriting symbol font `operators' in version `bold'
(Font)                  OT1/cmr/bx/n --> TU/Arial(0)/m/n on input line 283.
LaTeX Font Info:    Overwriting symbol font `operators' in version `normal'
(Font)                  TU/Arial(0)/m/n --> TU/Arial(0)/m/n on input line 283.
LaTeX Font Info:    Overwriting math alphabet `\mathit' in version `normal'
(Font)                  OT1/cmr/m/it --> TU/Arial(0)/m/it on input line 283.
LaTeX Font Info:    Overwriting math alphabet `\mathbf' in version `normal'
(Font)                  OT1/cmr/bx/n --> TU/Arial(0)/b/n on input line 283.
LaTeX Font Info:    Overwriting math alphabet `\mathsf' in version `normal'
(Font)                  OT1/cmss/m/n --> TU/Arial(0)/m/n on input line 283.
LaTeX Font Info:    Overwriting math alphabet `\mathtt' in version `normal'
(Font)                  OT1/cmtt/m/n --> TU/CourierNew(0)/m/n on input line 283
.
LaTeX Font Info:    Overwriting symbol font `operators' in version `bold'
(Font)                  TU/Arial(0)/m/n --> TU/Arial(0)/b/n on input line 283.
LaTeX Font Info:    Overwriting math alphabet `\mathit' in version `bold'
(Font)                  OT1/cmr/bx/it --> TU/Arial(0)/b/it on input line 283.
LaTeX Font Info:    Overwriting math alphabet `\mathsf' in version `bold'
(Font)                  OT1/cmss/bx/n --> TU/Arial(0)/b/n on input line 283.
LaTeX Font Info:    Overwriting math alphabet `\mathtt' in version `bold'
(Font)                  OT1/cmtt/m/n --> TU/CourierNew(0)/b/n on input line 283
.
(load cache: extra_applecoloremoji.luc)
LaTeX Font Info:    Font shape `JY3/NotoSansCJKJP(0)/m/n' will be
(Font)              scaled to size 10.53629pt on input line 283.

Package fontspec Info: 
(fontspec)             Font family 'AppleColorEmoji(0)' created for font
(fontspec)             'Apple Color Emoji' with options
(fontspec)             [BoldFont={},ItalicFont={},SmallCapsFont={},Renderer=Har
fBuzz].
(fontspec)              
(fontspec)              This font family consists of the following NFSS
(fontspec)             series/shapes:
(fontspec)              
(fontspec)             - 'normal' (m/n) with NFSS spec.: <->"name:Apple Color
(fontspec)             Emoji:mode=harf;script=DFLT;language=dflt;"

*geometry* driver: auto-detecting
*geometry* detected driver: luatex
*geometry* verbose mode - [ preamble ] result:
* driver: luatex
* paper: a4paper
* layout: <same size as paper>
* layoutoffset:(h,v)=(0.0pt,0.0pt)
* modes: 
* h-part:(L,W,R)=(59.74988pt, 478.00812pt, 59.74988pt)
* v-part:(T,H,B)=(67.60269pt, 676.04005pt, 101.4041pt)
* \paperwidth=597.50787pt
* \paperheight=845.04684pt
* \textwidth=478.00812pt
* \textheight=676.04005pt
* \oddsidemargin=-12.52011pt
* \evensidemargin=-12.52011pt
* \topmargin=-41.6673pt
* \headheight=12.0pt
* \headsep=25.0pt
* \topskip=11.0pt
* \footskip=30.0pt
* \marginparwidth=50.0pt
* \marginparsep=10.0pt
* \columnsep=10.0pt
* \skip\footins=10.0pt plus 4.0pt minus 2.0pt
* \hoffset=0.0pt
* \voffset=0.0pt
* \mag=1000
* \@twocolumnfalse
* \@twosidefalse
* \@mparswitchfalse
* \@reversemarginfalse
* (1in=72.27pt=25.4mm, 1cm=28.453pt)


Package todonotes Warning: The length marginparwidth is less than 2cm and will 
most likely cause issues with the appearance of inserted todonotes. The issue c
an be solved by adding a line like \setlength {\marginparwidth }{2cm} prior to 
loading the todonotes package. on input line 283.

Package hyperref Info: Link coloring OFF on input line 283.
\@outlinefile=\write4

\openout4 = CV_EN.out
./CV_EN.tex:286: Font \JY3/NotoSansCJKJP(0)/m/n/10.95=name:Noto Sans CJK JP:mode
=node;script=hani;language=dflt;jfm=ujis;-kern; at 10.5363pt not loadable: metri
c data not found or bad.
<to be read again> 
                   relax 
l.286 \makecvtitle
                  
I wasn't able to read the size data for this font,
so I will ignore the font specification.
[Wizards can fix TFM files using TFtoPL/PLtoTF.]
You might try inserting a different font spec;
e.g., type `I\font<same font id>=<substitute font name>'.

./CV_EN.tex:286: Font \JY3/NotoSansCJKJP(0)/m/n/8=name:Noto Sans CJK JP:mode=nod
e;script=hani;language=dflt;jfm=ujis;-kern; at 7.69775pt not loadable: metric da
ta not found or bad.
<to be read again> 
                   relax 
l.286 \makecvtitle
                  
I wasn't able to read the size data for this font,
so I will ignore the font specification.
[Wizards can fix TFM files using TFtoPL/PLtoTF.]
You might try inserting a different font spec;
e.g., type `I\font<same font id>=<substitute font name>'.

./CV_EN.tex:286: Font \JY3/NotoSansCJKJP(0)/m/n/6=name:Noto Sans CJK JP:mode=nod
e;script=hani;language=dflt;jfm=ujis;-kern; at 5.77332pt not loadable: metric da
ta not found or bad.
<to be read again> 
                   relax 
l.286 \makecvtitle
                  
I wasn't able to read the size data for this font,
so I will ignore the font specification.
[Wizards can fix TFM files using TFtoPL/PLtoTF.]
You might try inserting a different font spec;
e.g., type `I\font<same font id>=<substitute font name>'.

(/usr/local/texlive/2026/texmf-dist/tex/latex/microtype/mt-cmr.cfg)
./CV_EN.tex:286: Package luatexja-core Error: JY3/NotoSansCJKJP(0)/m/n/10.95 is
 not a control sequence that represents 
(luatexja-core)                a Japanese font.

See the luatexja-core package documentation for explanation.
Type  H <return>  for immediate help.
 ...                                              
                                                  
l.286 \makecvtitle
                  
This error message was generated by an \errmessage
command, so I can't give any explicit help.
Pretend that you're Hercule Poirot: Examine all clues,
and deduce the truth by order and method.

./CV_EN.tex:286: Package luatexja-core Error: JY3/NotoSansCJKJP(0)/m/n/8 is not
 a control sequence that represents 
(luatexja-core)                a Japanese font.

See the luatexja-core package documentation for explanation.
Type  H <return>  for immediate help.
 ...                                              
                                                  
l.286 \makecvtitle
                  
(That was another \errmessage.)

./CV_EN.tex:286: Package luatexja-core Error: JY3/NotoSansCJKJP(0)/m/n/6 is not
 a control sequence that represents 
(luatexja-core)                a Japanese font.

See the luatexja-core package documentation for explanation.
Type  H <return>  for immediate help.
 ...                                              
                                                  
l.286 \makecvtitle
                  
(That was another \errmessage.)

./CV_EN.tex:286: Font \JY3/NotoSansCJKJP(0)/m/n/24.88=name:Noto Sans CJK JP:mode
=node;script=hani;language=dflt;jfm=ujis;-kern; at 23.94pt not loadable: metric 
data not found or bad.
<to be read again> 
                   relax 
l.286 \makecvtitle
                  
I wasn't able to read the size data for this font,
so I will ignore the font specification.
[Wizards can fix TFM files using TFtoPL/PLtoTF.]
You might try inserting a different font spec;
e.g., type `I\font<same font id>=<substitute font name>'.

./CV_EN.tex:286: Missing font identifier.
<to be read again> 
                   JT3/NotoSansCJKJP(0)/m/n/24.88 
l.286 \makecvtitle
                  
I was looking for a control sequence whose
current meaning has been defined by \font.

./CV_EN.tex:286: Missing = inserted for ifnum.
<to be read again> 
                   JT3/NotoSansCJKJP(0)/m/n/24.88 
l.286 \makecvtitle
                  
I was expecting to see `<', `=', or `>'. Didn't.

./CV_EN.tex:286: Missing number, treated as zero.
<to be read again> 
                   JT3/NotoSansCJKJP(0)/m/n/24.88 
l.286 \makecvtitle
                  
A number should have been here; I inserted `0'.
(If you can't figure out why I needed to see a number,
look up `weird error' in the index to The TeXbook.)

./CV_EN.tex:286: Missing font identifier.
<to be read again> 
                   JT3/NotoSansCJKJP(0)/m/n/24.88 
l.286 \makecvtitle
                  
I was looking for a control sequence whose
current meaning has been defined by \font.

./CV_EN.tex:286: Missing font identifier.
<to be read again> 
                   JT3/NotoSansCJKJP(0)/m/n/24.88 
l.286 \makecvtitle
                  
I was looking for a control sequence whose
current meaning has been defined by \font.

./CV_EN.tex:286: error:  (pdf backend): invalid font identifier when asking 'fon
tsize'
./CV_EN.tex:286:  ==> Fatal error occurred, no output PDF file produced!